Date,Close
2015-03-18,278.08
2015-03-17,275.34
2015-03-16,274.83
2015-03-13,271.59
2015-03-12,273.22
2015-03-11,270.24
2015-03-10,268.27
2015-03-09,271.69
2015-03-06,270.72
2015-03-05,274.15
2015-03-04,273.74
2015-03-03,274.78
2015-03-02,276.30
2015-02-27,274.20
2015-02-26,275.29
2015-02-25,276.03
2015-02-24,276.34
2015-02-23,275.99
2015-02-20,275.97
2015-02-19,274.01
2015-02-18,274.30
2015-02-17,273.45
2015-02-13,273.50
2015-02-12,271.74
2015-02-11,269.21
2015-02-10,269.37
2015-02-09,267.13
2015-02-06,268.56
2015-02-05,269.57
2015-02-04,266.79
2015-02-03,267.89
2015-02-02,263.06
2015-01-30,261.07
2015-01-29,264.60
2015-01-28,262.64
2015-01-27,265.88
2015-01-26,267.69
2015-01-23,264.56
2015-01-22,265.92
2015-01-21,261.05
2015-01-20,259.49
2015-01-16,259.98
2015-01-15,256.41
2015-01-14,259.29
2015-01-13,260.36
2015-01-12,260.48
2015-01-09,261.88
2015-01-08,264.11
2015-01-07,260.08
2015-01-06,256.61
2015-01-05,259.65
2015-01-02,263.55
2014-12-31,263.97
2014-12-30,266.73
2014-12-29,267.81
2014-12-26,266.57
2014-12-24,265.90
2014-12-23,265.31
2014-12-22,264.38
2014-12-19,263.30
2014-12-18,263.64
2014-12-17,259.16
2014-12-16,253.35
2014-12-15,253.89
2014-12-12,255.71
2014-12-11,259.29
2014-12-10,257.83
2014-12-09,262.92
2014-12-08,261.46
2014-12-05,263.33
2014-12-04,262.93
2014-12-03,263.34
2014-12-02,261.13
2014-12-01,259.54
2014-11-28,262.86
2014-11-26,264.98
2014-11-25,265.01
2014-11-24,264.94
2014-11-21,263.17
2014-11-20,261.92
2014-11-19,260.65
2014-11-18,261.53
2014-11-17,260.13
2014-11-14,260.55
2014-11-13,260.69
2014-11-12,261.86
2014-11-11,261.34
2014-11-10,261.26
2014-11-07,260.50
2014-11-06,260.35
2014-11-05,258.54
2014-11-04,257.52
2014-11-03,258.62
2014-10-31,258.12
2014-10-30,255.19
2014-10-29,254.46
2014-10-28,254.75
2014-10-27,250.48
2014-10-24,250.76
2014-10-23,249.80
2014-10-22,246.16
2014-10-21,248.76
2014-10-20,243.07
2014-10-17,240.61
2014-10-16,238.86
2014-10-15,236.33
2014-10-14,236.56
2014-10-13,234.38
2014-10-10,237.28
2014-10-09,241.53
2014-10-08,247.40
2014-10-07,243.85
2014-10-06,247.47
2014-10-03,248.16
2014-10-02,246.52
2014-10-01,245.97
2014-09-30,249.32
2014-09-29,251.55
2014-09-26,252.16
2014-09-25,250.20
2014-09-24,253.76
2014-09-23,252.47
2014-09-22,254.51
2014-09-19,258.01
2014-09-18,260.16
2014-09-17,259.26
2014-09-16,259.50
2014-09-15,258.06
2014-09-12,259.09
2014-09-11,261.59
2014-09-10,260.35
2014-09-09,259.98
2014-09-08,262.08
2014-09-05,262.34
2014-09-04,261.37
2014-09-03,262.11
2014-09-02,262.50
2014-08-29,261.74
2014-08-28,260.58
2014-08-27,260.90
2014-08-26,261.26
2014-08-25,260.39
2014-08-22,259.48
2014-08-21,259.71
2014-08-20,259.28
2014-08-19,258.65
2014-08-18,257.11
2014-08-15,254.07
2014-08-14,254.66
2014-08-13,253.30
2014-08-12,251.16
2014-08-11,252.05
2014-08-08,250.94
2014-08-07,248.33
2014-08-06,249.27
2014-08-05,248.96
2014-08-04,250.15
2014-08-01,248.86
2014-07-31,249.13
2014-07-30,254.40
2014-07-29,253.94
2014-07-28,255.09
2014-07-25,255.54
2014-07-24,257.22
2014-07-23,256.97
2014-07-22,257.13
2014-07-21,256.06
2014-07-18,256.91
2014-07-17,253.82
2014-07-16,256.53
2014-07-15,256.87
2014-07-14,257.76
2014-07-11,256.68
2014-07-10,256.95
2014-07-09,258.78
2014-07-08,258.13
2014-07-07,260.14
2014-07-03,262.14
2014-07-02,261.34
2014-07-01,262.60
2014-06-30,260.56
2014-06-27,259.45
2014-06-26,258.00
2014-06-25,258.55
2014-06-24,256.82
2014-06-23,258.89
2014-06-20,259.17
2014-06-19,259.11
2014-06-18,259.02
2014-06-17,257.73
2014-06-16,255.61
2014-06-13,255.55
2014-06-12,254.89
2014-06-11,256.20
2014-06-10,257.04
2014-06-09,257.77
2014-06-06,256.93
2014-06-05,255.49
2014-06-04,252.94
2014-06-03,251.78
2014-06-02,251.70
2014-05-30,250.88
2014-05-29,251.53
2014-05-28,250.11
2014-05-27,251.05
2014-05-23,249.39
2014-05-22,247.73
2014-05-21,246.22
2014-05-20,244.87
2014-05-19,247.47
2014-05-16,246.24
2014-05-15,244.93
2014-05-14,247.01
2014-05-13,249.00
2014-05-12,250.23
2014-05-09,246.53
2014-05-08,245.80
2014-05-07,247.05
2014-05-06,245.87
2014-05-05,247.70
2014-05-02,247.53
2014-05-01,247.08
2014-04-30,246.84
2014-04-29,245.18
2014-04-28,244.33
2014-04-25,245.16
2014-04-24,248.11
2014-04-23,247.90
2014-04-22,248.22
2014-04-21,246.44
2014-04-17,245.74
2014-04-16,245.25
2014-04-15,242.44
2014-04-14,240.84
2014-04-11,239.77
2014-04-10,242.74
2014-04-09,248.15
2014-04-08,245.76
2014-04-07,244.33
2014-04-04,248.57
2014-04-03,252.43
2014-04-02,253.63
2014-04-01,252.86
2014-03-31,250.57
2014-03-28,246.87
2014-03-27,245.60
2014-03-26,246.22
2014-03-25,249.46
2014-03-24,248.79
2014-03-21,250.70
2014-03-20,251.71
2014-03-19,250.98
2014-03-18,252.65
2014-03-17,250.42
2014-03-14,248.67
2014-03-13,247.79
2014-03-12,250.50
2014-03-11,250.22
2014-03-10,251.62
2014-03-07,253.00
2014-03-06,252.51
2014-03-05,252.39
2014-03-04,252.99
2014-03-03,248.92
2014-02-28,250.39
2014-02-27,250.08
2014-02-26,248.91
2014-02-25,247.90
2014-02-24,247.88
2014-02-21,246.98
2014-02-20,246.38
2014-02-19,244.92
2014-02-18,246.52
2014-02-14,245.20
2014-02-13,243.99
2014-02-12,242.35
2014-02-11,240.88
2014-02-10,238.61
2014-02-07,237.98
2014-02-06,235.82
2014-02-05,232.26
2014-02-04,233.29
2014-02-03,230.30
2014-01-31,238.78
2014-01-30,239.76
2014-01-29,236.44
2014-01-28,239.07
2014-01-27,236.65
2014-01-24,238.90
2014-01-23,245.29
2014-01-22,247.24
2014-01-21,246.04
2014-01-17,245.14
2014-01-16,245.87
2014-01-15,246.20
2014-01-14,244.79
2014-01-13,241.96
2014-01-10,245.44
2014-01-09,243.64
2014-01-08,243.40
2014-01-07,242.93
2014-01-06,240.93
2014-01-03,242.46
2014-01-02,241.40
2013-12-31,244.20
2013-12-30,243.25
2013-12-27,242.98
2013-12-26,242.78
2013-12-24,242.70
2013-12-23,241.57
2013-12-20,239.67
2013-12-19,237.71
2013-12-18,239.68
2013-12-17,236.73
2013-12-16,236.84
2013-12-13,235.17
2013-12-12,234.45
2013-12-11,234.21
2013-12-10,238.11
2013-12-09,238.89
2013-12-06,238.55
2013-12-05,236.78
2013-12-04,236.29
2013-12-03,236.69
2013-12-02,237.51
2013-11-29,237.43
2013-11-27,238.47
2013-11-26,237.86
2013-11-25,237.87
2013-11-22,238.20
2013-11-21,237.79
2013-11-20,234.89
2013-11-19,235.43
2013-11-18,237.05
2013-11-15,238.79
2013-11-14,238.03
2013-11-13,237.04
2013-11-12,234.69
2013-11-11,235.02
2013-11-08,234.17
2013-11-07,230.60
2013-11-06,234.75
2013-11-05,234.98
2013-11-04,236.48
2013-11-01,234.73
2013-10-31,234.52
2013-10-30,234.73
2013-10-29,236.49
2013-10-28,235.32
2013-10-25,235.62
2013-10-24,234.87
2013-10-23,234.44
2013-10-22,235.99
2013-10-21,234.82
2013-10-18,234.60
2013-10-17,232.64
2013-10-16,230.96
2013-10-15,227.98
2013-10-14,230.41
2013-10-11,229.54
2013-10-10,227.35
2013-10-09,222.40
2013-10-08,223.18
2013-10-07,225.83
2013-10-04,228.46
2013-10-03,227.14
2013-10-02,228.97
2013-10-01,229.43
2013-09-30,226.33
2013-09-27,226.20
2013-09-26,227.10
2013-09-25,225.77
2013-09-24,225.64
2013-09-23,225.32
2013-09-20,226.28
2013-09-19,228.64
2013-09-18,229.18
2013-09-17,227.11
2013-09-16,225.33
2013-09-13,224.07
2013-09-12,223.66
2013-09-11,224.32
2013-09-10,224.10
2013-09-09,221.76
2013-09-06,218.56
2013-09-05,217.95
2013-09-04,217.61
2013-09-03,215.10
2013-08-30,215.45
2013-08-29,218.92
2013-08-28,217.90
2013-08-27,217.29
2013-08-26,221.99
2013-08-23,221.78
2013-08-22,221.42
2013-08-21,218.99
2013-08-20,220.92
2013-08-19,217.87
2013-08-16,219.51
2013-08-15,219.94
2013-08-14,224.00
2013-08-13,225.64
2013-08-12,225.89
2013-08-09,225.13
2013-08-08,224.86
2013-08-07,223.94
2013-08-06,225.58
2013-08-05,228.02
2013-08-02,227.97
2013-08-01,228.80
2013-07-31,224.11
2013-07-30,223.13
2013-07-29,222.67
2013-07-26,223.29
2013-07-25,224.51
2013-07-24,223.63
2013-07-23,225.34
2013-07-22,225.32
2013-07-19,224.56
2013-07-18,224.25
2013-07-17,222.26
2013-07-16,221.23
2013-07-15,223.00
2013-07-12,221.78
2013-07-11,221.41
2013-07-10,218.59
2013-07-09,218.48
2013-07-08,216.17
2013-07-05,215.82
2013-07-03,212.98
2013-07-02,212.91
2013-07-01,213.18
2013-06-28,210.10
2013-06-27,211.38
2013-06-26,208.38
2013-06-25,207.09
2013-06-24,204.52
2013-06-21,206.85
2013-06-20,207.71
2013-06-19,213.43
2013-06-18,217.04
2013-06-17,215.13
2013-06-14,213.82
2013-06-13,214.69
2013-06-12,210.83
2013-06-11,212.64
2013-06-10,215.45
2013-06-07,215.28
2013-06-06,213.33
2013-06-05,210.58
2013-06-04,213.67
2013-06-03,215.07
2013-05-31,215.80
2013-05-30,217.95
2013-05-29,216.03
2013-05-28,217.89
2013-05-24,216.52
2013-05-23,217.16
2013-05-22,217.40
2013-05-21,221.15
2013-05-20,220.92
2013-05-17,220.72
2013-05-16,218.37
2013-05-15,219.54
2013-05-14,218.71
2013-05-13,216.18
2013-05-10,216.69
2013-05-09,215.22
2013-05-08,216.27
2013-05-07,214.86
2013-05-06,213.18
2013-05-03,211.94
2013-05-02,209.44
2013-05-01,207.24
2013-04-30,210.97
2013-04-29,209.19
2013-04-26,207.68
2013-04-25,208.53
2013-04-24,207.69
2013-04-23,206.83
2013-04-22,204.76
2013-04-19,204.31
2013-04-18,201.00
2013-04-17,202.35
2013-04-16,205.50
2013-04-15,202.40
2013-04-12,208.95
2013-04-11,209.82
2013-04-10,209.02
2013-04-09,206.17
2013-04-08,206.11
2013-04-05,204.55
2013-04-04,204.70
2013-04-03,203.50
2013-04-02,206.78
2013-04-01,207.64
2013-03-28,209.72
2013-03-27,208.55
2013-03-26,208.16
2013-03-25,206.78
2013-03-22,207.37
2013-03-21,206.68
2013-03-20,208.50
2013-03-19,206.36
2013-03-18,206.64
2013-03-15,207.64
2013-03-14,208.49
2013-03-13,206.89
2013-03-12,206.25
2013-03-11,206.32
2013-03-08,206.11
2013-03-07,204.29
2013-03-06,203.78
2013-03-05,203.42
2013-03-04,200.75
2013-03-01,200.23
2013-02-28,200.51
2013-02-27,201.00
2013-02-26,198.12
2013-02-25,196.88
2013-02-22,201.48
2013-02-21,199.02
2013-02-20,200.78
2013-02-19,204.44
2013-02-15,203.13
2013-02-14,203.43
2013-02-13,202.90
2013-02-12,202.37
2013-02-11,201.40
2013-02-08,201.90
2013-02-07,200.64
2013-02-06,200.97
2013-02-05,199.86
2013-02-04,198.66
2013-02-01,200.48
2013-01-31,198.86
2013-01-30,198.02
2013-01-29,199.24
2013-01-28,199.34
2013-01-25,199.64
2013-01-24,197.76
2013-01-23,196.80
2013-01-22,196.82
2013-01-18,195.19
2013-01-17,194.78
2013-01-16,193.12
2013-01-15,193.59
2013-01-14,192.65
2013-01-11,192.28
2013-01-10,192.58
2013-01-09,192.18
2013-01-08,191.01
2013-01-07,191.52
2013-01-04,192.05
2013-01-03,190.72
2013-01-02,190.86
2012-12-31,185.71
2012-12-28,182.73
2012-12-27,183.85
2012-12-26,184.02
2012-12-24,185.44
2012-12-21,186.49
2012-12-20,188.05
2012-12-19,186.89
2012-12-18,187.20
2012-12-17,184.66
2012-12-14,183.00
2012-12-13,183.37
2012-12-12,184.55
2012-12-11,184.84
2012-12-10,184.05
2012-12-07,182.91
2012-12-06,182.67
2012-12-05,182.30
2012-12-04,181.91
2012-12-03,182.03
2012-11-30,182.35
2012-11-29,182.42
2012-11-28,181.18
2012-11-27,180.01
2012-11-26,180.41
2012-11-23,180.55
2012-11-21,178.40
2012-11-20,177.89
2012-11-19,177.29
2012-11-16,173.76
2012-11-15,172.52
2012-11-14,173.20
2012-11-13,176.49
2012-11-12,176.54
2012-11-09,176.80
2012-11-08,176.37
2012-11-07,178.90
2012-11-06,182.69
2012-11-05,181.10
2012-11-02,179.99
2012-11-01,182.68
2012-10-31,178.25
2012-10-26,177.56
2012-10-25,178.07
2012-10-24,177.68
2012-10-23,178.18
2012-10-22,179.48
2012-10-19,179.59
2012-10-18,182.37
2012-10-17,182.51
2012-10-16,181.17
2012-10-15,179.32
2012-10-12,177.66
2012-10-11,179.13
2012-10-10,178.23
2012-10-09,179.11
2012-10-08,180.71
2012-10-05,181.53
2012-10-04,181.53
2012-10-03,179.86
2012-10-02,179.90
2012-10-01,178.97
2012-09-28,179.92
2012-09-27,180.68
2012-09-26,178.57
2012-09-25,179.94
2012-09-24,182.73
2012-09-21,182.74
2012-09-20,183.40
2012-09-19,184.67
2012-09-18,184.22
2012-09-17,185.50
2012-09-14,187.35
2012-09-13,185.31
2012-09-12,183.49
2012-09-11,182.54
2012-09-10,182.42
2012-09-07,183.16
2012-09-06,182.21
2012-09-05,178.71
2012-09-04,179.00
2012-08-31,177.33
2012-08-30,176.22
2012-08-29,177.52
2012-08-28,177.40
2012-08-27,176.65
2012-08-24,176.70
2012-08-23,176.24
2012-08-22,177.41
2012-08-21,177.78
2012-08-20,177.57
2012-08-17,178.10
2012-08-16,177.33
2012-08-15,175.79
2012-08-14,174.56
2012-08-13,174.83
2012-08-10,175.09
2012-08-09,175.06
2012-08-08,174.73
2012-08-07,174.59
2012-08-06,172.81
2012-08-03,171.91
2012-08-02,168.65
2012-08-01,169.46
2012-07-31,171.26
2012-07-30,172.28
2012-07-27,172.72
2012-07-26,169.20
2012-07-25,166.72
2012-07-24,166.37
2012-07-23,168.85
2012-07-20,171.14
2012-07-19,172.74
2012-07-18,172.65
2012-07-17,171.49
2012-07-16,170.46
2012-07-13,171.51
2012-07-12,168.84
2012-07-11,169.45
2012-07-10,169.96
2012-07-09,171.88
2012-07-06,172.49
2012-07-05,174.50
2012-07-03,174.47
2012-07-02,172.49
2012-06-29,171.30
2012-06-28,166.79
2012-06-27,166.29
2012-06-26,164.65
2012-06-25,163.55
2012-06-22,166.54
2012-06-21,165.79
2012-06-20,170.25
2012-06-19,170.37
2012-06-18,168.61
2012-06-15,167.25
2012-06-14,166.05
2012-06-13,164.98
2012-06-12,167.22
2012-06-11,165.55
2012-06-08,168.72
2012-06-07,167.33
2012-06-06,168.10
2012-06-05,164.56
2012-06-04,162.51
2012-06-01,163.34
2012-05-31,168.57
2012-05-30,169.01
2012-05-29,172.45
2012-05-25,170.29
2012-05-24,170.64
2012-05-23,170.01
2012-05-22,169.04
2012-05-21,168.53
2012-05-18,164.71
2012-05-17,166.79
2012-05-16,171.41
2012-05-15,172.94
2012-05-14,173.61
2012-05-11,175.58
2012-05-10,175.53
2012-05-09,175.37
2012-05-08,176.05
2012-05-07,176.38
2012-05-04,175.70
2012-05-03,178.49
2012-05-02,181.47
2012-05-01,181.14
2012-04-30,180.20
2012-04-27,181.75
2012-04-26,180.99
2012-04-25,179.24
2012-04-24,176.20
2012-04-23,175.76
2012-04-20,177.48
2012-04-19,177.25
2012-04-18,177.93
2012-04-17,178.42
2012-04-16,175.62
2012-04-13,175.54
2012-04-12,177.74
2012-04-11,174.62
2012-04-10,172.64
2012-04-09,176.80
2012-04-05,178.99
2012-04-04,179.72
2012-04-03,182.18
2012-04-02,181.77
2012-03-30,180.71
2012-03-29,180.86
2012-03-28,181.13
2012-03-27,182.09
2012-03-26,182.84
2012-03-23,180.14
2012-03-22,178.97
2012-03-21,180.81
2012-03-20,181.01
2012-03-19,182.35
2012-03-16,181.74
2012-03-15,182.38
2012-03-14,180.71
2012-03-13,182.10
2012-03-12,178.61
2012-03-09,179.26
2012-03-08,177.54
2012-03-07,175.53
2012-03-06,173.80
2012-03-05,177.21
2012-03-02,177.85
2012-03-01,179.35
2012-02-29,177.67
2012-02-28,179.02
2012-02-27,179.24
2012-02-24,179.21
2012-02-23,179.16
2012-02-22,177.73
2012-02-21,178.42
2012-02-17,179.21
2012-02-16,179.34
2012-02-15,176.58
2012-02-14,177.13
2012-02-13,177.21
2012-02-10,175.33
2012-02-09,177.27
2012-02-08,177.04
2012-02-07,176.66
2012-02-06,176.47
2012-02-03,176.63
2012-02-02,173.90
2012-02-01,173.51
2012-01-31,170.00
2012-01-30,170.42
2012-01-27,171.44
2012-01-26,170.40
2012-01-25,171.53
2012-01-24,169.78
2012-01-23,169.14
2012-01-20,169.13
2012-01-19,169.25
2012-01-18,167.90
2012-01-17,165.14
2012-01-13,164.95
2012-01-12,165.72
2012-01-11,165.40
2012-01-10,165.06
2012-01-09,162.83
2012-01-06,161.93
2012-01-05,162.08
2012-01-04,160.84
2012-01-03,161.28
2011-12-30,159.49
2011-12-29,160.45
2011-12-28,158.40
2011-12-27,161.02
2011-12-23,160.76
2011-12-22,159.80
2011-12-21,158.20
2011-12-20,157.91
2011-12-19,152.66
2011-12-16,155.22
2011-12-15,154.26
2011-12-14,153.22
2011-12-13,155.53
2011-12-12,158.57
2011-12-09,161.28
2011-12-08,157.53
2011-12-07,161.76
2011-12-06,162.26
2011-12-05,162.64
2011-12-02,160.31
2011-12-01,159.91
2011-11-30,161.01
2011-11-29,153.28
2011-11-28,153.16
2011-11-25,147.81
2011-11-23,148.51
2011-11-22,152.74
2011-11-21,153.49
2011-11-18,156.62
2011-11-17,156.98
2011-11-16,159.99
2011-11-15,162.18
2011-11-14,160.54
2011-11-11,162.20
2011-11-10,158.58
2011-11-09,157.79
2011-11-08,165.08
2011-11-07,163.26
2011-11-04,163.56
2011-11-03,163.14
2011-11-02,159.43
2011-11-01,156.32
2011-10-31,161.40
2011-10-28,165.41
2011-10-27,166.06
2011-10-26,159.14
2011-10-25,157.15
2011-10-24,160.97
2011-10-21,156.49
2011-10-20,153.26
2011-10-19,152.57
2011-10-18,155.08
2011-10-17,151.03
2011-10-14,155.48
2011-10-13,152.77
2011-10-12,152.48
2011-10-11,150.75
2011-10-10,150.54
2011-10-07,145.24
2011-10-06,147.46
2011-10-05,144.01
2011-10-04,141.02
2011-10-03,135.39
2011-09-30,142.13
2011-09-29,146.11
2011-09-28,145.01
2011-09-27,149.73
2011-09-26,147.08
2011-09-23,144.35
2011-09-22,142.54
2011-09-21,147.87
2011-09-20,153.29
2011-09-19,155.18
2011-09-16,157.12
2011-09-15,157.58
2011-09-14,155.53
2011-09-13,152.71
2011-09-12,150.64
2011-09-09,149.85
2011-09-08,154.04
2011-09-07,156.07
2011-09-06,150.60
2011-09-02,151.53
2011-09-01,156.61
2011-08-31,159.04
2011-08-30,158.53
2011-08-29,157.84
2011-08-26,151.90
2011-08-25,148.10
2011-08-24,151.26
2011-08-23,149.12
2011-08-22,143.54
2011-08-19,143.35
2011-08-18,145.93
2011-08-17,154.51
2011-08-16,155.20
2011-08-15,157.30
2011-08-12,153.29
2011-08-11,152.49
2011-08-10,144.84
2011-08-09,149.79
2011-08-08,140.98
2011-08-05,153.35
2011-08-04,155.90
2011-08-03,165.89
2011-08-02,165.21
2011-08-01,170.31
2011-07-29,171.31
2011-07-28,171.73
2011-07-27,172.50
2011-07-26,177.36
2011-07-25,178.67
2011-07-22,179.98
2011-07-21,179.60
2011-07-20,177.94
2011-07-19,178.23
2011-07-18,174.78
2011-07-15,177.14
2011-07-14,176.03
2011-07-13,178.40
2011-07-12,177.80
2011-07-11,178.56
2011-07-08,182.29
2011-07-07,183.71
2011-07-06,181.75
2011-07-05,180.69
2011-07-01,180.55
2011-06-30,177.45
2011-06-29,176.51
2011-06-28,175.11
2011-06-27,172.43
2011-06-24,171.71
2011-06-23,172.98
2011-06-22,173.07
2011-06-21,173.81
2011-06-20,170.52
2011-06-17,169.15
2011-06-16,169.28
2011-06-15,169.52
2011-06-14,172.10
2011-06-13,169.01
2011-06-10,169.34
2011-06-09,172.01
2011-06-08,171.31
2011-06-07,172.83
2011-06-06,172.29
2011-06-03,174.72
2011-06-02,177.23
2011-06-01,177.33
2011-05-31,182.58
2011-05-27,179.89
2011-05-26,178.86
2011-05-25,177.25
2011-05-24,175.97
2011-05-23,176.42
2011-05-20,179.28
2011-05-19,180.66
2011-05-18,180.42
2011-05-17,177.70
2011-05-16,178.95
2011-05-13,180.59
2011-05-12,182.35
2011-05-11,181.26
2011-05-10,183.27
2011-05-09,181.38
2011-05-06,179.52
2011-05-05,179.09
2011-05-04,179.80
2011-05-03,181.39
2011-05-02,182.97
2011-04-29,184.27
2011-04-28,183.66
2011-04-27,183.57
2011-04-26,182.25
2011-04-25,180.54
2011-04-21,180.53
2011-04-20,179.53
2011-04-19,176.34
2011-04-18,175.41
2011-04-15,178.47
2011-04-14,176.90
2011-04-13,176.77
2011-04-12,176.28
2011-04-11,177.98
2011-04-08,179.23
2011-04-07,180.61
2011-04-06,181.67
2011-04-05,181.48
2011-04-04,180.90
2011-04-01,180.81
2011-03-31,179.55
2011-03-30,178.54
2011-03-29,176.81
2011-03-28,175.37
2011-03-25,176.02
2011-03-24,174.73
2011-03-23,172.96
2011-03-22,173.28
2011-03-21,174.42
2011-03-18,170.99
2011-03-17,170.53
2011-03-16,169.55
2011-03-15,171.34
2011-03-14,172.48
2011-03-11,173.25
2011-03-10,172.12
2011-03-09,175.24
2011-03-08,175.76
2011-03-07,173.59
2011-03-04,176.06
2011-03-03,177.14
2011-03-02,173.46
2011-03-01,172.65
2011-02-28,175.47
2011-02-25,175.32
2011-02-24,171.76
2011-02-23,171.77
2011-02-22,174.21
2011-02-18,178.43
2011-02-17,178.28
2011-02-16,177.53
2011-02-15,176.26
2011-02-14,176.88
2011-02-11,176.24
2011-02-10,174.42
2011-02-09,173.57
2011-02-08,173.87
2011-02-07,173.02
2011-02-04,171.61
2011-02-03,170.67
2011-02-02,170.12
2011-02-01,170.43
2011-01-31,167.85
2011-01-28,166.55
2011-01-27,169.71
2011-01-26,169.05
2011-01-25,167.62
2011-01-24,167.35
2011-01-21,165.98
2011-01-20,166.54
2011-01-19,167.80
2011-01-18,170.31
2011-01-14,169.01
2011-01-13,167.79
2011-01-12,167.93
2011-01-11,166.83
2011-01-10,166.14
2011-01-07,165.26
2011-01-06,165.67
2011-01-05,166.10
2011-01-04,165.05
2011-01-03,166.70
2010-12-31,164.68
2010-12-30,165.66
2010-12-29,165.71
2010-12-28,165.07
2010-12-27,165.42
2010-12-23,165.37
2010-12-22,165.65
2010-12-21,165.21
2010-12-20,163.93
2010-12-17,163.80
2010-12-16,163.87
2010-12-15,162.26
2010-12-14,162.90
2010-12-13,163.01
2010-12-10,163.51
2010-12-09,161.80
2010-12-08,161.30
2010-12-07,161.49
2010-12-06,161.31
2010-12-03,161.24
2010-12-02,160.28
2010-12-01,158.25
2010-11-30,154.99
2010-11-29,155.87
2010-11-26,155.96
2010-11-24,157.06
2010-11-23,153.97
2010-11-22,155.77
2010-11-19,154.52
2010-11-18,154.04
2010-11-17,151.90
2010-11-16,151.03
2010-11-15,153.63
2010-11-12,153.26
2010-11-11,155.69
2010-11-10,156.06
2010-11-09,154.74
2010-11-08,156.42
2010-11-05,156.46
2010-11-04,155.39
2010-11-03,152.57
2010-11-02,152.09
2010-11-01,150.49
2010-10-29,150.53
2010-10-28,150.18
2010-10-27,150.38
2010-10-26,150.45
2010-10-25,150.67
2010-10-22,149.73
2010-10-21,148.70
2010-10-20,148.95
2010-10-19,147.15
2010-10-18,149.17
2010-10-15,148.89
2010-10-14,148.89
2010-10-13,149.46
2010-10-12,148.06
2010-10-11,147.56
2010-10-08,147.31
2010-10-07,146.28
2010-10-06,146.34
2010-10-05,147.41
2010-10-04,144.46
2010-10-01,145.97
2010-09-30,145.59
2010-09-29,145.44
2010-09-28,145.35
2010-09-27,144.42
2010-09-24,144.42
2010-09-23,141.08
2010-09-22,142.07
2010-09-21,143.24
2010-09-20,144.03
2010-09-17,141.69
2010-09-16,141.66
2010-09-15,142.11
2010-09-14,141.40
2010-09-13,141.43
2010-09-10,138.94
2010-09-09,138.59
2010-09-08,138.21
2010-09-07,137.33
2010-09-03,139.23
2010-09-02,137.36
2010-09-01,135.59
2010-08-31,131.11
2010-08-30,131.24
2010-08-27,133.49
2010-08-26,130.65
2010-08-25,131.52
2010-08-24,130.48
2010-08-23,132.55
2010-08-20,133.94
2010-08-19,133.93
2010-08-18,136.23
2010-08-17,135.89
2010-08-16,133.65
2010-08-13,133.58
2010-08-12,134.15
2010-08-11,134.96
2010-08-10,139.79
2010-08-09,141.46
2010-08-06,140.10
2010-08-05,140.52
2010-08-04,141.25
2010-08-03,139.66
2010-08-02,140.64
2010-07-30,137.95
2010-07-29,137.70
2010-07-28,138.38
2010-07-27,140.21
2010-07-26,141.12
2010-07-23,138.51
2010-07-22,136.57
2010-07-21,132.70
2010-07-20,134.72
2010-07-19,132.77
2010-07-16,131.94
2010-07-15,136.40
2010-07-14,136.55
2010-07-13,136.80
2010-07-12,133.59
2010-07-09,134.32
2010-07-08,132.87
2010-07-07,131.52
2010-07-06,126.95
2010-07-02,127.42
2010-07-01,128.37
2010-06-30,129.16
2010-06-29,130.19
2010-06-28,134.85
2010-06-25,135.25
2010-06-24,133.73
2010-06-23,136.08
2010-06-22,136.47
2010-06-21,139.37
2010-06-18,139.86
2010-06-17,140.95
2010-06-16,141.28
2010-06-15,141.62
2010-06-14,138.58
2010-06-11,137.76
2010-06-10,136.50
2010-06-09,132.21
2010-06-08,131.79
2010-06-07,131.23
2010-06-04,133.88
2010-06-03,139.58
2010-06-02,138.55
2010-06-01,135.10
2010-05-28,138.61
2010-05-27,140.24
2010-05-26,135.08
2010-05-25,134.76
2010-05-24,134.97
2010-05-21,136.30
2010-05-20,134.24
2010-05-19,140.17
2010-05-18,141.65
2010-05-17,143.61
2010-05-14,143.45
2010-05-13,146.89
2010-05-12,148.25
2010-05-11,144.95
2010-05-10,144.50
2010-05-07,137.40
2010-05-06,141.00
2010-05-05,145.85
2010-05-04,147.37
2010-05-03,151.68
2010-04-30,149.13
2010-04-29,152.45
2010-04-28,150.19
2010-04-27,149.76
2010-04-26,153.62
2010-04-23,154.03
2010-04-22,152.62
2010-04-21,150.82
2010-04-20,150.35
2010-04-19,148.40
2010-04-16,148.86
2010-04-15,150.72
2010-04-14,150.75
2010-04-13,148.57
2010-04-12,148.04
2010-04-09,147.85
2010-04-08,146.36
2010-04-07,146.63
2010-04-06,147.66
2010-04-05,146.94
2010-04-01,144.69
2010-03-31,143.16
2010-03-30,144.15
2010-03-29,143.91
2010-03-26,142.65
2010-03-25,142.93
2010-03-24,143.89
2010-03-23,145.22
2010-03-22,143.93
2010-03-19,142.18
2010-03-18,144.12
2010-03-17,144.80
2010-03-16,143.78
2010-03-15,142.13
2010-03-12,142.48
2010-03-11,142.07
2010-03-10,141.44
2010-03-09,140.30
2010-03-08,140.26
2010-03-05,139.99
2010-03-04,138.03
2010-03-03,137.99
2010-03-02,137.35
2010-03-01,136.42
2010-02-26,133.95
2010-02-25,134.14
2010-02-24,133.83
2010-02-23,132.63
2010-02-22,134.45
2010-02-19,134.26
2010-02-18,134.02
2010-02-17,133.04
2010-02-16,132.10
2010-02-12,129.89
2010-02-11,129.08
2010-02-10,127.32
2010-02-09,127.35
2010-02-08,125.76
2010-02-05,126.68
2010-02-04,126.33
2010-02-03,130.61
2010-02-02,131.22
2010-02-01,129.40
2010-01-29,127.50
2010-01-28,129.37
2010-01-27,131.01
2010-01-26,130.82
2010-01-25,131.32
2010-01-22,130.92
2010-01-21,133.73
2010-01-20,135.49
2010-01-19,136.56
2010-01-15,134.84
2010-01-14,136.67
2010-01-13,136.41
2010-01-12,134.69
2010-01-11,136.24
2010-01-08,136.51
2010-01-07,135.66
2010-01-06,135.02
2010-01-05,134.29
2010-01-04,133.95
2009-12-31,131.74
2009-12-30,133.41
2009-12-29,133.91
2009-12-28,134.13
2009-12-24,134.20
2009-12-23,133.53
2009-12-22,132.56
2009-12-21,131.26
2009-12-18,129.81
2009-12-17,129.88
2009-12-16,130.90
2009-12-15,130.19
2009-12-14,130.29
2009-12-11,128.58
2009-12-10,127.47
2009-12-09,126.65
2009-12-08,126.55
2009-12-07,127.59
2009-12-04,127.68
2009-12-03,125.90
2009-12-02,127.29
2009-12-01,126.49
2009-11-30,124.64
2009-11-27,124.29
2009-11-25,126.89
2009-11-24,126.03
2009-11-23,126.30
2009-11-20,125.09
2009-11-19,125.85
2009-11-18,128.42
2009-11-17,128.97
2009-11-16,128.99
2009-11-13,127.04
2009-11-12,125.75
2009-11-11,127.58
2009-11-10,126.68
2009-11-09,126.83
2009-11-06,123.75
2009-11-05,124.02
2009-11-04,121.04
2009-11-03,121.71
2009-11-02,120.25
2009-10-30,119.62
2009-10-29,123.14
2009-10-28,120.66
2009-10-27,124.63
2009-10-26,126.12
2009-10-23,127.38
2009-10-22,129.01
2009-10-21,127.47
2009-10-20,128.75
2009-10-19,129.89
2009-10-16,128.49
2009-10-15,129.77
2009-10-14,129.36
2009-10-13,127.04
2009-10-12,127.66
2009-10-09,127.46
2009-10-08,126.37
2009-10-07,124.67
2009-10-06,124.69
2009-10-05,123.00
2009-10-02,120.37
2009-10-01,121.68
2009-09-30,125.27
2009-09-29,126.08
2009-09-28,125.66
2009-09-25,123.24
2009-09-24,123.97
2009-09-23,126.15
2009-09-22,127.67
2009-09-21,127.01
2009-09-18,127.31
2009-09-17,127.92
2009-09-16,128.52
2009-09-15,126.15
2009-09-14,125.07
2009-09-11,123.61
2009-09-10,123.34
2009-09-09,122.06
2009-09-08,120.57
2009-09-04,118.97
2009-09-03,117.40
2009-09-02,115.87
2009-09-01,116.45
2009-08-31,118.93
2009-08-28,120.57
2009-08-27,120.44
2009-08-26,120.05
2009-08-25,120.14
2009-08-24,119.63
2009-08-21,119.95
2009-08-20,117.70
2009-08-19,116.43
2009-08-18,115.63
2009-08-17,114.11
2009-08-14,117.51
2009-08-13,119.32
2009-08-12,118.27
2009-08-11,116.72
2009-08-10,118.41
2009-08-07,118.90
2009-08-06,116.07
2009-08-05,117.02
2009-08-04,117.50
2009-08-03,116.48
2009-07-31,113.96
2009-07-30,113.95
2009-07-29,112.48
2009-07-28,113.29
2009-07-27,113.49
2009-07-24,113.01
2009-07-23,112.16
2009-07-22,109.24
2009-07-21,108.70
2009-07-20,108.49
2009-07-17,106.90
2009-07-16,107.27
2009-07-15,105.74
2009-07-14,102.60
2009-07-13,101.85
2009-07-10,99.39
2009-07-09,99.52
2009-07-08,99.39
2009-07-07,99.68
2009-07-06,102.15
2009-07-02,103.06
2009-07-01,106.07
2009-06-30,105.20
2009-06-29,105.59
2009-06-26,104.61
2009-06-25,104.61
2009-06-24,102.00
2009-06-23,100.65
2009-06-22,101.09
2009-06-19,104.67
2009-06-18,104.94
2009-06-17,104.20
2009-06-16,104.27
2009-06-15,106.11
2009-06-12,108.73
2009-06-11,108.81
2009-06-10,108.53
2009-06-09,108.78
2009-06-08,107.83
2009-06-05,108.57
2009-06-04,108.81
2009-06-03,107.33
2009-06-02,109.15
2009-06-01,108.59
2009-05-29,104.67
2009-05-28,102.98
2009-05-27,102.51
2009-05-26,104.11
2009-05-22,100.20
2009-05-21,101.07
2009-05-20,102.57
2009-05-19,103.40
2009-05-18,102.96
2009-05-15,99.42
2009-05-14,100.19
2009-05-13,98.84
2009-05-12,103.19
2009-05-11,104.35
2009-05-08,106.41
2009-05-07,103.23
2009-05-06,105.83
2009-05-05,105.03
2009-05-04,105.74
2009-05-01,101.56
2009-04-30,101.68
2009-04-29,101.88
2009-04-28,99.23
2009-04-27,98.92
2009-04-24,99.76
2009-04-23,97.41
2009-04-22,97.60
2009-04-21,97.34
2009-04-20,94.88
2009-04-17,99.81
2009-04-16,98.61
2009-04-15,96.04
2009-04-14,94.93
2009-04-13,97.30
2009-04-09,97.38
2009-04-08,92.51
2009-04-07,91.09
2009-04-06,94.15
2009-04-03,95.28
2009-04-02,93.61
2009-04-01,89.80
2009-03-31,88.59
2009-03-30,87.66
2009-03-27,90.64
2009-03-26,92.91
2009-03-25,89.36
2009-03-24,88.76
2009-03-23,90.60
2009-03-20,84.25
2009-03-19,87.12
2009-03-18,87.82
2009-03-17,85.03
2009-03-16,82.02
2009-03-13,83.14
2009-03-12,82.67
2009-03-11,79.12
2009-03-10,78.74
2009-03-09,73.63
2009-03-06,74.43
2009-03-05,74.94
2009-03-04,78.59
2009-03-03,76.41
2009-03-02,77.01
2009-02-27,82.12
2009-02-26,82.75
2009-02-25,83.97
2009-02-24,84.95
2009-02-23,81.51
2009-02-20,84.91
2009-02-19,85.64
2009-02-18,87.00
2009-02-17,87.89
2009-02-13,91.92
2009-02-12,92.88
2009-02-11,92.12
2009-02-10,92.19
2009-02-09,96.19
2009-02-06,96.54
2009-02-05,92.84
2009-02-04,91.64
2009-02-03,91.67
2009-02-02,90.79
2009-01-30,90.69
2009-01-29,93.28
2009-01-28,96.49
2009-01-27,92.90
2009-01-26,91.57
2009-01-23,91.01
2009-01-22,90.00
2009-01-21,92.30
2009-01-20,88.22
2009-01-16,93.85
2009-01-15,92.29
2009-01-14,91.03
2009-01-13,94.66
2009-01-12,93.66
2009-01-09,96.25
2009-01-08,98.92
2009-01-07,98.43
2009-01-06,101.54
2009-01-05,100.20
2009-01-02,99.79
2008-12-31,97.16
2008-12-30,95.33
2008-12-29,92.36
2008-12-26,93.40
2008-12-24,92.27
2008-12-23,91.64
2008-12-22,93.09
2008-12-19,94.81
2008-12-18,95.52
2008-12-17,96.60
2008-12-16,95.96
2008-12-15,90.27
2008-12-12,92.69
2008-12-11,90.05
2008-12-10,94.48
2008-12-09,92.08
2008-12-08,94.88
2008-12-05,90.54
2008-12-04,86.96
2008-12-03,89.40
2008-12-02,87.70
2008-12-01,83.99
2008-11-28,93.59
2008-11-26,92.50
2008-11-25,86.93
2008-11-24,86.00
2008-11-21,79.50
2008-11-20,76.20
2008-11-19,82.75
2008-11-18,91.00
2008-11-17,89.30
2008-11-14,89.31
2008-11-13,96.64
2008-11-12,88.45
2008-11-11,92.58
2008-11-10,96.10
2008-11-07,99.70
2008-11-06,95.65
2008-11-05,100.90
2008-11-04,105.60
2008-11-03,103.79
2008-10-31,103.40
2008-10-30,101.88
2008-10-29,95.40
2008-10-28,95.20
2008-10-27,86.08
2008-10-24,89.30
2008-10-23,93.38
2008-10-22,98.13
2008-10-21,102.65
2008-10-20,105.25
2008-10-17,100.13
2008-10-16,101.67
2008-10-15,96.03
2008-10-14,108.70
2008-10-13,112.00
2008-10-10,100.00
2008-10-09,98.35
2008-10-08,107.50
2008-10-07,108.40
2008-10-06,114.50
2008-10-03,119.94
2008-10-02,124.00
2008-10-01,131.85
2008-09-30,131.80
2008-09-29,127.00
2008-09-26,136.70
2008-09-25,137.79
2008-09-24,136.70
2008-09-23,137.55
2008-09-22,140.55
2008-09-19,145.00
2008-09-18,140.70
2008-09-17,134.63
2008-09-16,141.13
2008-09-15,137.75
2008-09-12,144.77
2008-09-11,142.40
2008-09-10,141.45
2008-09-09,139.55
2008-09-08,144.87
2008-09-05,142.40
2008-09-04,142.40
2008-09-03,145.98
2008-09-02,146.83
2008-08-29,148.20
2008-08-28,149.73
2008-08-27,147.70
2008-08-26,146.28
2008-08-25,145.43
2008-08-22,148.10
2008-08-21,146.53
2008-08-20,146.90
2008-08-19,146.32
2008-08-18,147.85
2008-08-15,149.90
2008-08-14,149.54
2008-08-13,148.40
2008-08-12,148.25
2008-08-11,149.45
2008-08-08,147.75
2008-08-07,145.04
2008-08-06,147.14
2008-08-05,145.91
2008-08-04,142.90
2008-08-01,145.63
2008-07-31,146.09
2008-07-30,148.27
2008-07-29,145.96
2008-07-28,143.00
2008-07-25,144.31
2008-07-24,144.30
2008-07-23,148.55
2008-07-22,147.99
2008-07-21,146.50
2008-07-18,144.90
2008-07-17,144.95
2008-07-16,143.45
2008-07-15,140.15
2008-07-14,141.45
2008-07-11,142.61
2008-07-10,143.96
2008-07-09,143.15
2008-07-08,145.00
2008-07-07,141.67
2008-07-03,142.90
2008-07-02,144.30
2008-07-01,148.75
2008-06-30,148.80
2008-06-27,149.13
2008-06-26,150.00
2008-06-25,153.81
2008-06-24,153.00
2008-06-23,154.61
2008-06-20,155.15
2008-06-19,158.10
2008-06-18,157.53
2008-06-17,158.90
2008-06-16,158.38
2008-06-13,157.60
2008-06-12,155.45
2008-06-11,155.07
2008-06-10,157.50
2008-06-09,158.75
2008-06-06,158.66
2008-06-05,163.33
2008-06-04,159.55
2008-06-03,159.40
2008-06-02,159.02
2008-05-30,160.62
2008-05-29,159.08
2008-05-28,158.99
2008-05-27,157.05
2008-05-23,155.77
2008-05-22,157.90
2008-05-21,157.87
2008-05-20,160.45
2008-05-19,160.70
2008-05-16,160.61
2008-05-15,160.36
2008-05-14,158.26
2008-05-13,158.15
2008-05-12,156.83
2008-05-09,155.02
2008-05-08,154.37
2008-05-07,154.40
2008-05-06,155.89
2008-05-05,154.30
2008-05-02,154.75
2008-05-01,154.48
2008-04-30,152.34
2008-04-29,152.71
2008-04-28,153.58
2008-04-25,153.39
2008-04-24,150.30
2008-04-23,149.68
2008-04-22,150.00
2008-04-21,151.59
2008-04-18,150.70
2008-04-17,149.59
2008-04-16,150.22
2008-04-15,145.66
2008-04-14,145.15
2008-04-11,145.30
2008-04-10,147.91
2008-04-09,146.39
2008-04-08,148.80
2008-04-07,148.10
2008-04-04,147.92
2008-04-03,147.65
2008-04-02,146.82
2008-04-01,146.16
2008-03-31,141.16
2008-03-28,140.74
2008-03-27,141.37
2008-03-26,142.30
2008-03-25,144.03
2008-03-24,143.18
2008-03-20,138.97
2008-03-19,137.10
2008-03-18,141.24
2008-03-17,135.58
2008-03-14,139.00
2008-03-13,141.06
2008-03-12,139.60
2008-03-11,140.45
2008-03-10,136.14
2008-03-07,138.40
2008-03-06,139.85
2008-03-05,143.80
2008-03-04,142.70
2008-03-03,143.55
2008-02-29,144.25
2008-02-28,147.63
2008-02-27,149.33
2008-02-26,149.89
2008-02-25,148.93
2008-02-22,145.45
2008-02-21,145.15
2008-02-20,146.83
2008-02-19,145.53
2008-02-15,144.56
2008-02-14,144.70
2008-02-13,147.02
2008-02-12,145.63
2008-02-11,145.00
2008-02-08,144.14
2008-02-07,144.64
2008-02-06,143.07
2008-02-05,144.75
2008-02-04,148.05
2008-02-01,149.67
2008-01-31,145.79
2008-01-30,142.22
2008-01-29,144.41
2008-01-28,143.49
2008-01-25,139.97
2008-01-24,141.06
2008-01-23,139.96
2008-01-22,136.38
2008-01-18,136.70
2008-01-17,137.87
2008-01-16,141.98
2008-01-15,142.60
2008-01-14,145.91
2008-01-11,144.53
2008-01-10,146.20
2008-01-09,145.10
2008-01-08,144.29
2008-01-07,147.74
2008-01-04,148.65
2008-01-03,152.92
2008-01-02,154.05
2007-12-31,155.10
2007-12-28,156.51
2007-12-27,156.82
2007-12-26,159.32
2007-12-24,159.42
2007-12-21,157.89
2007-12-20,156.62
2007-12-19,154.30
2007-12-18,153.80
2007-12-17,153.23
2007-12-14,155.36
2007-12-13,158.05
2007-12-12,158.52
2007-12-11,157.64
2007-12-10,162.60
2007-12-07,161.20
2007-12-06,160.64
2007-12-05,157.84
2007-12-04,155.45
2007-12-03,156.05
2007-11-30,156.86
2007-11-29,155.02
2007-11-28,155.24
2007-11-27,150.71
2007-11-26,149.15
2007-11-23,151.74
2007-11-21,149.56
2007-11-20,152.50
2007-11-19,152.12
2007-11-16,154.48
2007-11-15,155.08
2007-11-14,157.61
2007-11-13,157.52
2007-11-12,153.61
2007-11-09,156.33
2007-11-08,158.51
2007-11-07,158.71
2007-11-06,161.83
2007-11-05,159.42
2007-11-02,161.25
2007-11-01,161.18
2007-10-31,164.99
2007-10-30,162.13
2007-10-29,163.40
2007-10-26,162.96
2007-10-25,161.60
2007-10-24,161.65
2007-10-23,161.53
2007-10-22,160.51
2007-10-19,158.93
2007-10-18,163.82
2007-10-17,163.49
2007-10-16,163.02
2007-10-15,165.15
2007-10-12,165.90
2007-10-11,165.59
2007-10-10,166.41
2007-10-09,166.75
2007-10-08,165.07
2007-10-05,166.18
2007-10-04,163.29
2007-10-03,163.84
2007-10-02,163.28
2007-10-01,162.82
2007-09-28,160.85
2007-09-27,161.44
2007-09-26,159.94
2007-09-25,159.02
2007-09-24,159.40
2007-09-21,159.90
2007-09-20,160.25
2007-09-19,161.22
2007-09-18,160.40
2007-09-17,156.11
2007-09-14,157.10
2007-09-13,156.38
2007-09-12,157.00
2007-09-11,156.20
2007-09-10,154.34
2007-09-07,155.85
2007-09-06,158.31
2007-09-05,157.83
2007-09-04,158.60
2007-08-31,157.05
2007-08-30,154.75
2007-08-29,155.51
2007-08-28,152.35
2007-08-27,155.22
2007-08-24,157.52
2007-08-23,154.95
2007-08-22,155.51
2007-08-21,153.62
2007-08-20,153.00
2007-08-17,152.71
2007-08-16,149.65
2007-08-15,149.91
2007-08-14,152.65
2007-08-13,155.15
2007-08-10,154.45
2007-08-09,153.77
2007-08-08,158.38
2007-08-07,156.00
2007-08-06,154.24
2007-08-03,153.30
2007-08-02,157.57
2007-08-01,156.15
2007-07-31,155.30
2007-07-30,157.10
2007-07-27,155.25
2007-07-26,157.94
2007-07-25,161.45
2007-07-24,162.35
2007-07-23,165.45
2007-07-20,166.20
2007-07-19,167.65
2007-07-18,167.24
2007-07-17,167.64
2007-07-16,167.29
2007-07-13,168.09
2007-07-12,167.51
2007-07-11,165.57
2007-07-10,164.14
2007-07-09,166.50
2007-07-06,166.40
2007-07-05,165.46
2007-07-03,165.61
2007-07-02,164.97
2007-06-29,162.95
2007-06-28,163.11
2007-06-27,162.90
2007-06-26,160.49
2007-06-25,161.81
2007-06-22,163.53
2007-06-21,164.75
2007-06-20,163.10
2007-06-19,165.06
2007-06-18,165.10
2007-06-15,165.76
2007-06-14,165.16
2007-06-13,163.83
2007-06-12,161.87
2007-06-11,163.86
2007-06-08,163.65
2007-06-07,161.55
2007-06-06,165.25
2007-06-05,167.81
2007-06-04,168.33
2007-06-01,167.65
2007-05-31,167.00
2007-05-30,165.92
2007-05-29,164.25
2007-05-25,163.30
2007-05-24,162.12
2007-05-23,164.90
2007-05-22,164.91
2007-05-21,164.72
2007-05-18,163.51
2007-05-17,162.22
2007-05-16,162.15
2007-05-15,161.57
2007-05-14,162.17
2007-05-11,162.52
2007-05-10,161.64
2007-05-09,163.27
2007-05-08,162.03
2007-05-07,162.17
2007-05-04,162.48
2007-05-03,161.38
2007-05-02,161.11
2007-05-01,159.27
2007-04-30,158.85
2007-04-27,161.17
2007-04-26,162.10
2007-04-25,161.19
2007-04-24,160.41
2007-04-23,160.32
2007-04-20,160.29
2007-04-19,158.66
2007-04-18,159.00
2007-04-17,159.44
2007-04-16,159.45
2007-04-13,157.95
2007-04-12,157.50
2007-04-11,156.41
2007-04-10,157.35
2007-04-09,156.95
2007-04-05,156.25
2007-04-04,156.30
2007-04-03,156.12
2007-04-02,154.85
2007-03-30,154.57
2007-03-29,153.82
2007-03-28,154.30
2007-03-27,154.99
2007-03-26,155.08
2007-03-23,155.60
2007-03-22,155.18
2007-03-21,154.67
2007-03-20,152.49
2007-03-19,151.40
2007-03-16,149.73
2007-03-15,151.09
2007-03-14,150.43
2007-03-13,149.79
2007-03-12,152.51
2007-03-09,152.05
2007-03-08,151.77
2007-03-07,150.29
2007-03-06,149.45
2007-03-05,146.81
2007-03-02,149.86
2007-03-01,152.56
2007-02-28,153.19
2007-02-27,152.14
2007-02-26,157.90
2007-02-23,158.02
2007-02-22,158.62
2007-02-21,157.88
2007-02-20,157.45
2007-02-16,156.41
2007-02-15,156.11
2007-02-14,156.08
2007-02-13,154.98
2007-02-12,153.59
2007-02-09,154.41
2007-02-08,155.08
2007-02-07,155.20
2007-02-06,154.36
2007-02-05,153.83
2007-02-02,153.30
2007-02-01,153.16
2007-01-31,151.52
2007-01-30,150.73
2007-01-29,150.14
2007-01-26,149.25
2007-01-25,149.09
2007-01-24,150.45
2007-01-23,148.88
2007-01-22,148.08
2007-01-19,148.50
2007-01-18,147.77
2007-01-17,149.13
2007-01-16,148.76
2007-01-12,149.86
2007-01-11,148.28
2007-01-10,147.46
2007-01-09,146.45
2007-01-08,145.62
2007-01-05,145.60
2007-01-04,147.26
2007-01-03,147.09
2006-12-29,146.35
2006-12-28,147.43
2006-12-27,148.05
2006-12-26,146.79
2006-12-22,145.56
2006-12-21,146.82
2006-12-20,147.40
2006-12-19,147.02
2006-12-18,147.37
2006-12-15,148.42
2006-12-14,149.43
2006-12-13,148.55
2006-12-12,148.40
2006-12-11,148.99
2006-12-08,149.00
2006-12-07,149.22
2006-12-06,149.63
2006-12-05,150.09
2006-12-04,149.52
2006-12-01,147.80
2006-11-30,147.72
2006-11-29,147.62
2006-11-28,145.45
2006-11-27,144.95
2006-11-24,147.84
2006-11-22,148.23
2006-11-21,147.82
2006-11-20,147.44
2006-11-17,147.40
2006-11-16,147.65
2006-11-15,147.25
2006-11-14,146.70
2006-11-13,145.05
2006-11-10,145.00
2006-11-09,143.93
2006-11-08,144.40
2006-11-07,143.81
2006-11-06,143.25
2006-11-03,142.05
2006-11-02,141.42
2006-11-01,141.19
2006-10-31,143.25
2006-10-30,143.80
2006-10-27,143.80
2006-10-26,145.11
2006-10-25,144.55
2006-10-24,143.85
2006-10-23,142.90
2006-10-20,142.21
2006-10-19,143.70
2006-10-18,142.94
2006-10-17,142.82
2006-10-16,144.07
2006-10-13,143.25
2006-10-12,142.53
2006-10-11,140.50
2006-10-10,140.62
2006-10-09,140.19
2006-10-06,139.33
2006-10-05,140.20
2006-10-04,138.56
2006-10-03,136.50
2006-10-02,136.62
2006-09-29,137.64
2006-09-28,138.55
2006-09-27,138.67
2006-09-26,137.76
2006-09-25,136.40
2006-09-22,135.16
2006-09-21,136.43
2006-09-20,138.10
2006-09-19,136.54
2006-09-18,137.10
2006-09-15,136.98
2006-09-14,137.62
2006-09-13,138.26
2006-09-12,137.18
2006-09-11,135.04
2006-09-08,135.09
2006-09-07,135.04
2006-09-06,136.08
2006-09-05,138.16
2006-09-01,137.62
2006-08-31,136.98
2006-08-30,136.50
2006-08-29,136.12
2006-08-28,135.47
2006-08-25,134.25
2006-08-24,134.21
2006-08-23,135.05
2006-08-22,136.06
2006-08-21,136.04
2006-08-18,137.25
2006-08-17,136.56
2006-08-16,136.89
2006-08-15,134.77
2006-08-14,132.62
2006-08-11,132.55
2006-08-10,133.74
2006-08-09,132.65
2006-08-08,133.68
2006-08-07,135.05
2006-08-04,135.70
2006-08-03,136.52
2006-08-02,135.54
2006-08-01,134.47
2006-07-31,135.35
2006-07-28,135.27
2006-07-27,133.20
2006-07-26,134.25
2006-07-25,134.15
2006-07-24,133.10
2006-07-21,130.04
2006-07-20,131.85
2006-07-19,134.80
2006-07-18,132.00
2006-07-17,132.04
2006-07-14,132.50
2006-07-13,133.50
2006-07-12,136.16
2006-07-11,137.79
2006-07-10,137.23
2006-07-07,137.75
2006-07-06,138.83
2006-07-05,138.26
2006-07-03,140.55
2006-06-30,139.17
2006-06-29,138.91
2006-06-28,135.10
2006-06-27,134.51
2006-06-26,136.00
2006-06-23,135.20
2006-06-22,134.13
2006-06-21,134.60
2006-06-20,132.57
2006-06-19,132.35
2006-06-16,134.78
2006-06-15,135.75
2006-06-14,131.77
2006-06-13,130.87
2006-06-12,132.81
2006-06-09,135.92
2006-06-08,136.36
2006-06-07,137.02
2006-06-06,138.52
2006-06-05,139.61
2006-06-02,142.55
2006-06-01,142.28
2006-05-31,140.35
2006-05-30,137.68
2006-05-26,140.19
2006-05-25,139.10
2006-05-24,137.33
2006-05-23,137.02
2006-05-22,138.33
2006-05-19,139.52
2006-05-18,139.14
2006-05-17,140.05
2006-05-16,143.11
2006-05-15,143.28
2006-05-12,144.23
2006-05-11,147.50
2006-05-10,148.92
2006-05-09,149.07
2006-05-08,149.10
2006-05-05,149.06
2006-05-04,147.63
2006-05-03,146.65
2006-05-02,147.04
2006-05-01,145.84
2006-04-28,146.71
2006-04-27,145.69
2006-04-26,146.08
2006-04-25,147.03
2006-04-24,146.74
2006-04-21,147.37
2006-04-20,147.79
2006-04-19,147.64
2006-04-18,146.40
2006-04-17,143.36
2006-04-13,142.94
2006-04-12,143.24
2006-04-11,142.77
2006-04-10,144.25
2006-04-07,144.62
2006-04-06,146.29
2006-04-05,146.11
2006-04-04,144.83
2006-04-03,144.16
2006-03-31,144.76
2006-03-30,144.55
2006-03-29,144.38
2006-03-28,142.90
2006-03-27,143.36
2006-03-24,143.54
2006-03-23,142.72
2006-03-22,142.54
2006-03-21,141.38
2006-03-20,142.54
2006-03-17,143.03
2006-03-16,142.83
2006-03-15,143.38
2006-03-14,142.30
2006-03-13,140.97
2006-03-10,140.12
2006-03-09,138.82
2006-03-08,139.93
2006-03-07,139.43
2006-03-06,141.15
2006-03-03,142.24
2006-03-02,143.31
2006-03-01,143.67
2006-02-28,141.47
2006-02-27,142.87
2006-02-24,143.07
2006-02-23,142.27
2006-02-22,142.32
2006-02-21,141.50
2006-02-17,141.40
2006-02-16,141.85
2006-02-15,140.64
2006-02-14,140.05
2006-02-13,138.97
2006-02-10,139.81
2006-02-09,139.80
2006-02-08,140.40
2006-02-07,139.90
2006-02-06,142.05
2006-02-03,141.09
2006-02-02,141.40
2006-02-01,142.97
2006-01-31,141.87
2006-01-30,141.75
2006-01-27,141.64
2006-01-26,141.23
2006-01-25,139.48
2006-01-24,140.29
2006-01-23,139.07
2006-01-20,138.47
2006-01-19,140.79
2006-01-18,139.33
2006-01-17,139.72
2006-01-13,139.80
2006-01-12,140.30
2006-01-11,141.00
2006-01-10,140.89
2006-01-09,140.08
2006-01-06,139.45
2006-01-05,137.88
2006-01-04,137.68
2006-01-03,136.71
2005-12-30,134.69
2005-12-29,135.11
2005-12-28,135.87
2005-12-27,135.00
2005-12-23,136.74
2005-12-22,136.30
2005-12-21,135.48
2005-12-20,134.40
2005-12-19,134.21
2005-12-16,135.10
2005-12-15,136.29
2005-12-14,137.41
2005-12-13,136.95
2005-12-12,136.42
2005-12-09,136.30
2005-12-08,135.75
2005-12-07,135.27
2005-12-06,135.78
2005-12-05,135.74
2005-12-02,136.29
2005-12-01,136.02
2005-11-30,134.20
2005-11-29,134.33
2005-11-28,133.91
2005-11-25,135.70
2005-11-23,135.67
2005-11-22,135.29
2005-11-21,134.50
2005-11-18,133.15
2005-11-17,132.69
2005-11-16,131.35
2005-11-15,131.04
2005-11-14,131.90
2005-11-11,131.72
2005-11-10,130.98
2005-11-09,130.46
2005-11-08,130.25
2005-11-07,130.55
2005-11-04,130.48
2005-11-03,130.64
2005-11-02,130.03
2005-11-01,128.20
2005-10-31,127.00
2005-10-28,125.83
2005-10-27,124.17
2005-10-26,126.19
2005-10-25,126.68
2005-10-24,127.09
2005-10-21,124.82
2005-10-20,123.43
2005-10-19,125.30
2005-10-18,123.61
2005-10-17,125.23
2005-10-14,124.51
2005-10-13,122.40
2005-10-12,123.25
2005-10-11,124.84
2005-10-10,125.58
2005-10-07,126.50
2005-10-06,125.83
2005-10-05,127.13
2005-10-04,129.70
2005-10-03,131.69
2005-09-30,130.92
2005-09-29,129.97
2005-09-28,128.60
2005-09-27,128.44
2005-09-26,128.75
2005-09-23,127.85
2005-09-22,127.54
2005-09-21,126.89
2005-09-20,128.58
2005-09-19,130.05
2005-09-16,130.35
2005-09-15,130.40
2005-09-14,130.38
2005-09-13,130.94
2005-09-12,131.80
2005-09-09,131.79
2005-09-08,130.75
2005-09-07,131.36
2005-09-06,130.96
2005-09-02,129.42
2005-09-01,130.05
2005-08-31,130.41
2005-08-30,127.85
2005-08-29,128.89
2005-08-26,127.59
2005-08-25,129.05
2005-08-24,128.51
2005-08-23,128.92
2005-08-22,129.14
2005-08-19,128.84
2005-08-18,128.23
2005-08-17,128.48
2005-08-16,128.75
2005-08-15,130.54
2005-08-12,129.85
2005-08-11,130.45
2005-08-10,129.90
2005-08-09,129.68
2005-08-08,128.90
2005-08-05,129.46
2005-08-04,130.78
2005-08-03,132.07
2005-08-02,132.27
2005-08-01,131.69
2005-07-29,131.68
2005-07-28,132.00
2005-07-27,131.05
2005-07-26,130.55
2005-07-25,130.40
2005-07-22,130.70
2005-07-21,129.75
2005-07-20,130.71
2005-07-19,130.15
2005-07-18,129.02
2005-07-15,129.15
2005-07-14,128.78
2005-07-13,129.22
2005-07-12,129.65
2005-07-11,129.50
2005-07-08,128.38
2005-07-07,126.85
2005-07-06,126.40
2005-07-05,127.40
2005-07-01,126.20
2005-06-30,125.25
2005-06-29,125.55
2005-06-28,125.49
2005-06-27,123.87
2005-06-24,123.21
2005-06-23,124.80
2005-06-22,126.05
2005-06-21,126.14
2005-06-20,126.15
2005-06-17,126.10
2005-06-16,126.77
2005-06-15,126.03
2005-06-14,125.60
2005-06-13,125.09
2005-06-10,124.65
2005-06-09,124.30
2005-06-08,123.60
2005-06-07,124.25
2005-06-06,124.07
2005-06-03,123.70
2005-06-02,124.29
2005-06-01,123.72
2005-05-31,122.55
2005-05-27,122.82
2005-05-26,122.27
2005-05-25,121.40
2005-05-24,121.94
2005-05-23,122.65
2005-05-20,121.47
2005-05-19,121.41
2005-05-18,121.15
2005-05-17,119.17
2005-05-16,118.14
2005-05-13,116.68
2005-05-12,117.26
2005-05-11,118.85
2005-05-10,118.45
2005-05-09,119.10
2005-05-06,118.51
2005-05-05,118.27
2005-05-04,117.60
2005-05-03,116.65
2005-05-02,116.79
2005-04-29,115.93
2005-04-28,114.79
2005-04-27,116.55
2005-04-26,116.59
2005-04-25,117.77
2005-04-22,116.50
2005-04-21,117.05
2005-04-20,115.30
2005-04-19,117.07
2005-04-18,115.30
2005-04-15,114.95
2005-04-14,116.22
2005-04-13,118.45
2005-04-12,119.94
2005-04-11,119.48
2005-04-08,119.85
2005-04-07,121.25
2005-04-06,120.72
2005-04-05,120.54
2005-04-04,120.25
2005-04-01,120.20
2005-03-31,120.40
2005-03-30,120.15
2005-03-29,118.86
2005-03-28,120.08
2005-03-24,119.99
2005-03-23,119.31
2005-03-22,120.50
2005-03-21,121.15
2005-03-18,120.61
2005-03-17,121.80
2005-03-16,122.10
2005-03-15,122.90
2005-03-14,123.61
2005-03-11,122.59
2005-03-10,122.75
2005-03-09,122.70
2005-03-08,124.20
2005-03-07,125.00
2005-03-04,124.47
2005-03-03,123.05
2005-03-02,122.95
2005-03-01,123.05
2005-02-28,122.40
2005-02-25,122.70
2005-02-24,121.20
2005-02-23,119.87
2005-02-22,119.06
2005-02-18,121.04
2005-02-17,121.22
2005-02-16,121.91
2005-02-15,121.70
2005-02-14,121.37
2005-02-11,121.37
2005-02-10,119.97
2005-02-09,119.65
2005-02-08,121.24
2005-02-07,121.00
2005-02-04,120.95
2005-02-03,119.45
2005-02-02,119.71
2005-02-01,119.16
2005-01-31,118.10
2005-01-28,116.76
2005-01-27,117.03
2005-01-26,116.60
2005-01-25,115.75
2005-01-24,115.40
2005-01-21,115.94
2005-01-20,116.60
2005-01-19,117.01
2005-01-18,118.15
2005-01-14,117.15
2005-01-13,116.27
2005-01-12,116.39
2005-01-11,115.99
2005-01-10,116.91
2005-01-07,116.02
2005-01-06,116.50
2005-01-05,116.00
2005-01-04,117.55
2005-01-03,119.74
2004-12-31,121.00
2004-12-30,121.11
2004-12-29,121.32
2004-12-28,121.15
2004-12-27,119.80
2004-12-23,120.46
2004-12-22,120.19
2004-12-21,120.00
2004-12-20,118.88
2004-12-17,118.97
2004-12-16,119.30
2004-12-15,120.22
2004-12-14,119.40
2004-12-13,118.46
2004-12-10,117.54
2004-12-09,117.15
2004-12-08,117.02
2004-12-07,116.26
2004-12-06,117.66
2004-12-03,117.88
2004-12-02,117.80
2004-12-01,118.15
2004-11-30,116.92
2004-11-29,116.80
2004-11-26,117.00
2004-11-24,117.20
2004-11-23,116.58
2004-11-22,115.74
2004-11-19,114.92
2004-11-18,116.40
2004-11-17,116.38
2004-11-16,115.73
2004-11-15,116.24
2004-11-12,116.24
2004-11-11,114.67
2004-11-10,113.78
2004-11-09,113.30
2004-11-08,113.34
2004-11-05,113.51
2004-11-04,113.23
2004-11-03,111.85
2004-11-02,110.12
2004-11-01,110.33
2004-10-29,110.20
2004-10-28,109.90
2004-10-27,110.38
2004-10-26,109.01
2004-10-25,107.95
2004-10-22,107.49
2004-10-21,108.33
2004-10-20,107.20
2004-10-19,106.91
2004-10-18,107.60
2004-10-15,107.29
2004-10-14,106.80
2004-10-13,107.51
2004-10-12,108.44
2004-10-11,108.88
2004-10-08,108.62
2004-10-07,109.48
2004-10-06,110.97
2004-10-05,110.32
2004-10-04,110.52
2004-10-01,110.29
2004-09-30,108.35
2004-09-29,107.85
2004-09-28,107.37
2004-09-27,106.80
2004-09-24,107.58
2004-09-23,107.28
2004-09-22,107.00
2004-09-21,108.62
2004-09-20,107.75
2004-09-17,108.17
2004-09-16,108.70
2004-09-15,107.84
2004-09-14,108.49
2004-09-13,108.65
2004-09-10,108.10
2004-09-09,107.55
2004-09-08,107.25
2004-09-07,107.80
2004-09-03,107.06
2004-09-02,107.63
2004-09-01,106.52
2004-08-31,105.98
2004-08-30,105.10
2004-08-27,106.02
2004-08-26,105.44
2004-08-25,105.69
2004-08-24,104.88
2004-08-23,104.60
2004-08-20,105.10
2004-08-19,103.73
2004-08-18,104.18
2004-08-17,102.94
2004-08-16,102.33
2004-08-13,100.76
2004-08-12,100.77
2004-08-11,102.18
2004-08-10,102.88
2004-08-09,101.17
2004-08-06,101.25
2004-08-05,102.70
2004-08-04,104.44
2004-08-03,104.90
2004-08-02,106.25
2004-07-30,106.00
2004-07-29,106.07
2004-07-28,104.70
2004-07-27,104.80
2004-07-26,103.71
2004-07-23,104.77
2004-07-22,105.99
2004-07-21,105.94
2004-07-20,108.50
2004-07-19,106.90
2004-07-16,106.80
2004-07-15,107.20
2004-07-14,107.02
2004-07-13,107.22
2004-07-12,107.31
2004-07-09,107.85
2004-07-08,107.00
2004-07-07,108.59
2004-07-06,108.24
2004-07-02,109.63
2004-07-01,109.50
2004-06-30,111.10
2004-06-29,110.26
2004-06-28,109.96
2004-06-25,110.61
2004-06-24,110.01
2004-06-23,110.44
2004-06-22,109.30
2004-06-21,108.55
2004-06-18,108.38
2004-06-17,109.14
2004-06-16,109.24
2004-06-15,109.22
2004-06-14,107.72
2004-06-10,109.45
2004-06-09,108.86
2004-06-08,110.45
2004-06-07,110.38
2004-06-04,108.68
2004-06-03,107.67
2004-06-02,109.30
2004-06-01,109.70
2004-05-28,109.20
2004-05-27,108.05
2004-05-26,107.88
2004-05-25,107.21
2004-05-24,105.45
2004-05-21,104.30
2004-05-20,103.81
2004-05-19,103.30
2004-05-18,103.93
2004-05-17,103.15
2004-05-14,103.82
2004-05-13,104.52
2004-05-12,104.54
2004-05-11,104.21
2004-05-10,103.03
2004-05-07,104.85
2004-05-06,107.12
2004-05-05,108.74
2004-05-04,107.78
2004-05-03,107.81
2004-04-30,106.50
2004-04-29,107.60
2004-04-28,109.49
2004-04-27,111.09
2004-04-26,111.26
2004-04-23,111.37
2004-04-22,111.65
2004-04-21,109.98
2004-04-20,108.70
2004-04-19,110.40
2004-04-16,110.20
2004-04-15,109.20
2004-04-14,109.93
2004-04-13,110.07
2004-04-12,112.10
2004-04-08,111.92
2004-04-07,112.50
2004-04-06,112.12
2004-04-05,112.85
2004-04-02,112.11
2004-04-01,111.75
2004-03-31,110.50
2004-03-30,110.00
2004-03-29,109.45
2004-03-26,107.72
2004-03-25,107.52
2004-03-24,105.85
2004-03-23,106.28
2004-03-22,106.26
2004-03-19,107.70
2004-03-18,109.08
2004-03-17,109.35
2004-03-16,107.72
2004-03-15,108.10
2004-03-12,109.39
2004-03-11,107.68
2004-03-10,109.03
2004-03-09,111.00
2004-03-08,111.50
2004-03-05,112.92
2004-03-04,112.32
2004-03-03,111.70
2004-03-02,111.60
2004-03-01,112.02
2004-02-27,110.30
2004-02-26,109.68
2004-02-25,109.14
2004-02-24,108.11
2004-02-23,108.24
2004-02-20,109.15
2004-02-19,109.85
2004-02-18,111.11
2004-02-17,111.80
2004-02-13,110.50
2004-02-12,110.76
2004-02-11,111.00
2004-02-10,109.91
2004-02-09,109.55
2004-02-06,108.96
2004-02-05,107.10
2004-02-04,106.52
2004-02-03,107.66
2004-02-02,108.02
2004-01-30,107.70
2004-01-29,107.58
2004-01-28,108.10
2004-01-27,109.60
2004-01-26,110.55
2004-01-23,109.65
2004-01-22,109.61
2004-01-21,110.00
2004-01-20,109.69
2004-01-16,108.66
2004-01-15,108.20
2004-01-14,107.80
2004-01-13,107.10
2004-01-12,107.86
2004-01-09,106.85
2004-01-08,106.99
2004-01-07,107.20
2004-01-06,106.35
2004-01-05,106.35
2004-01-02,105.75
2003-12-31,105.40
2003-12-30,106.17
2003-12-29,105.90
2003-12-26,104.75
2003-12-24,104.70
2003-12-23,105.10
2003-12-22,104.50
2003-12-19,103.66
2003-12-18,104.26
2003-12-17,102.80
2003-12-16,102.51
2003-12-15,102.30
2003-12-12,103.76
2003-12-11,103.65
2003-12-10,101.78
2003-12-09,102.48
2003-12-08,103.99
2003-12-05,103.20
2003-12-04,104.11
2003-12-03,104.35
2003-12-02,105.55
2003-12-01,105.50
2003-11-28,104.15
2003-11-26,103.87
2003-11-25,103.25
2003-11-24,102.62
2003-11-21,100.85
2003-11-20,100.10
2003-11-19,100.73
2003-11-18,100.13
2003-11-17,101.31
2003-11-14,102.01
2003-11-13,103.35
2003-11-12,103.06
2003-11-11,101.20
2003-11-10,101.38
2003-11-07,102.36
2003-11-06,103.10
2003-11-05,102.15
2003-11-04,101.70
2003-11-03,101.52
2003-10-31,100.50
2003-10-30,100.41
2003-10-29,100.22
2003-10-28,100.17
2003-10-27,98.34
2003-10-24,97.50
2003-10-23,97.25
2003-10-22,97.65
2003-10-21,98.95
2003-10-20,98.83
2003-10-17,98.01
2003-10-16,99.60
2003-10-15,98.87
2003-10-14,99.90
2003-10-13,99.76
2003-10-10,98.70
2003-10-09,98.30
2003-10-08,97.92
2003-10-07,98.17
2003-10-06,97.88
2003-10-03,97.25
2003-10-02,96.20
2003-10-01,95.58
2003-09-30,93.35
2003-09-29,94.14
2003-09-26,93.00
2003-09-25,93.79
2003-09-24,95.40
2003-09-23,96.95
2003-09-22,96.48
2003-09-19,97.14
2003-09-18,97.70
2003-09-17,96.35
2003-09-16,96.65
2003-09-15,95.42
2003-09-12,95.45
2003-09-11,95.02
2003-09-10,94.65
2003-09-09,96.49
2003-09-08,97.05
2003-09-05,96.20
2003-09-04,96.63
2003-09-03,96.60
2003-09-02,96.33
2003-08-29,94.90
2003-08-28,94.40
2003-08-27,93.40
2003-08-26,92.85
2003-08-25,92.76
2003-08-22,93.29
2003-08-21,94.20
2003-08-20,93.14
2003-08-19,93.24
2003-08-18,92.65
2003-08-15,91.35
2003-08-14,91.00
2003-08-13,90.41
2003-08-12,90.40
2003-08-11,89.27
2003-08-08,88.70
2003-08-07,88.49
2003-08-06,88.10
2003-08-05,88.00
2003-08-04,89.98
2003-08-01,90.13
2003-07-31,90.85
2003-07-30,90.90
2003-07-29,91.10
2003-07-28,90.98
2003-07-25,90.42
2003-07-24,89.73
2003-07-23,90.31
2003-07-22,90.35
2003-07-21,89.67
2003-07-18,90.30
2003-07-17,89.52
2003-07-16,91.13
2003-07-15,91.80
2003-07-14,91.95
2003-07-11,91.11
2003-07-10,90.10
2003-07-09,91.75
2003-07-08,91.42
2003-07-07,90.65
2003-07-03,89.11
2003-07-02,89.61
2003-07-01,88.48
2003-06-30,87.72
2003-06-27,88.08
2003-06-26,88.45
2003-06-25,87.51
2003-06-24,87.35
2003-06-23,87.30
2003-06-20,88.40
2003-06-19,88.81
2003-06-18,89.95
2003-06-17,90.13
2003-06-16,90.20
2003-06-13,88.61
2003-06-12,89.68
2003-06-11,89.45
2003-06-10,88.15
2003-06-09,87.20
2003-06-06,88.65
2003-06-05,89.25
2003-06-04,88.51
2003-06-03,87.29
2003-06-02,87.35
2003-05-30,87.13
2003-05-29,85.10
2003-05-28,84.98
2003-05-27,84.80
2003-05-23,83.39
2003-05-22,82.55
2003-05-21,81.83
2003-05-20,81.40
2003-05-19,81.52
2003-05-16,83.12
2003-05-15,83.80
2003-05-14,83.51
2003-05-13,83.35
2003-05-12,83.25
2003-05-09,82.49
2003-05-08,81.45
2003-05-07,82.04
2003-05-06,82.30
2003-05-05,81.85
2003-05-02,81.65
2003-05-01,80.21
2003-04-30,80.21
2003-04-29,80.11
2003-04-28,79.70
2003-04-25,78.50
2003-04-24,79.20
2003-04-23,79.89
2003-04-22,78.95
2003-04-21,77.75
2003-04-17,77.45
2003-04-16,76.35
2003-04-15,77.25
2003-04-14,76.60
2003-04-11,75.45
2003-04-10,75.83
2003-04-09,75.53
2003-04-08,76.00
2003-04-07,76.30
2003-04-04,76.60
2003-04-03,76.50
2003-04-02,77.05
2003-04-01,75.70
2003-03-31,74.65
2003-03-28,75.98
2003-03-27,75.90
2003-03-26,75.75
2003-03-25,76.10
2003-03-24,75.00
2003-03-21,77.45
2003-03-20,76.49
2003-03-19,75.60
2003-03-18,75.93
2003-03-17,74.95
2003-03-14,73.25
2003-03-13,72.90
2003-03-12,70.95
2003-03-11,70.85
2003-03-10,71.79
2003-03-07,73.22
2003-03-06,72.72
2003-03-05,73.01
2003-03-04,73.28
2003-03-03,74.40
2003-02-28,74.61
2003-02-27,74.33
2003-02-26,73.75
2003-02-25,74.50
2003-02-24,73.90
2003-02-21,74.90
2003-02-20,74.05
2003-02-19,74.20
2003-02-18,74.80
2003-02-14,73.45
2003-02-13,72.70
2003-02-12,73.00
2003-02-11,74.25
2003-02-10,74.51
2003-02-07,74.14
2003-02-06,74.96
2003-02-05,75.41
2003-02-04,76.45
2003-02-03,76.40
2003-01-31,76.59
2003-01-30,75.20
2003-01-29,76.10
2003-01-28,75.45
2003-01-27,75.06
2003-01-24,76.42
2003-01-23,77.95
2003-01-22,77.41
2003-01-21,78.15
2003-01-17,79.35
2003-01-16,80.70
2003-01-15,80.78
2003-01-14,80.85
2003-01-13,81.15
2003-01-10,81.43
2003-01-09,81.05
2003-01-08,79.81
2003-01-07,81.05
2003-01-06,81.70
2003-01-03,80.70
2003-01-02,81.20
2002-12-31,78.65
2002-12-30,78.10
2002-12-27,78.06
2002-12-26,79.35
2002-12-24,79.29
2002-12-23,79.78
2002-12-20,79.25
2002-12-19,78.90
2002-12-18,79.10
2002-12-17,79.85
2002-12-16,80.75
2002-12-13,78.70
2002-12-12,80.35
2002-12-11,80.16
2002-12-10,79.90
2002-12-09,78.75
2002-12-06,80.70
2002-12-05,80.70
2002-12-04,81.15
2002-12-03,81.65
2002-12-02,82.70
2002-11-29,82.40
2002-11-27,82.73
2002-11-26,80.45
2002-11-25,81.80
2002-11-22,81.65
2002-11-21,81.70
2002-11-20,80.00
2002-11-19,78.25
2002-11-18,78.65
2002-11-15,79.15
2002-11-14,78.70
2002-11-13,77.00
2002-11-12,77.10
2002-11-11,76.35
2002-11-08,77.64
2002-11-07,78.85
2002-11-06,80.90
2002-11-05,79.57
2002-11-04,79.49
2002-11-01,79.20
2002-10-31,77.61
2002-10-30,78.15
2002-10-29,77.00
2002-10-28,77.65
2002-10-25,78.45
2002-10-24,77.20
2002-10-23,78.61
2002-10-22,77.60
2002-10-21,78.82
2002-10-18,77.51
2002-10-17,77.40
2002-10-16,75.40
2002-10-15,77.27
2002-10-14,74.66
2002-10-11,73.70
2002-10-10,71.10
2002-10-09,68.35
2002-10-08,70.70
2002-10-07,69.50
2002-10-04,71.42
2002-10-03,73.17
2002-10-02,74.55
2002-10-01,76.70
2002-09-30,74.25
2002-09-27,75.05
2002-09-26,77.20
2002-09-25,75.85
2002-09-24,74.10
2002-09-23,74.60
2002-09-20,75.90
2002-09-19,75.77
2002-09-18,77.68
2002-09-17,78.50
2002-09-16,80.05
2002-09-13,80.46
2002-09-12,79.80
2002-09-11,81.70
2002-09-10,81.87
2002-09-09,81.15
2002-09-06,81.09
2002-09-05,79.10
2002-09-04,80.26
2002-09-03,79.20
2002-08-30,81.12
2002-08-29,81.85
2002-08-28,81.00
2002-08-27,82.70
2002-08-26,84.55
2002-08-23,83.51
2002-08-22,85.20
2002-08-21,84.50
2002-08-20,83.00
2002-08-19,83.92
2002-08-16,82.70
2002-08-15,82.05
2002-08-14,80.84
2002-08-13,78.29
2002-08-12,80.15
2002-08-09,79.95
2002-08-08,79.80
2002-08-07,77.82
2002-08-06,77.45
2002-08-05,74.55
2002-08-02,77.05
2002-08-01,79.05
2002-07-31,81.00
2002-07-30,81.25
2002-07-29,80.14
2002-07-26,76.70
2002-07-25,75.85
2002-07-24,76.25
2002-07-23,72.55
2002-07-22,74.42
2002-07-19,77.39
2002-07-18,78.75
2002-07-17,81.50
2002-07-16,81.15
2002-07-15,80.65
2002-07-12,81.40
2002-07-11,82.19
2002-07-10,81.90
2002-07-09,84.11
2002-07-08,85.80
2002-07-05,87.75
2002-07-03,84.85
2002-07-02,84.85
2002-07-01,87.30
2002-06-28,89.55
2002-06-27,89.20
2002-06-26,88.00
2002-06-25,87.65
2002-06-24,89.20
2002-06-21,89.65
2002-06-20,91.25
2002-06-19,92.29
2002-06-18,94.20
2002-06-17,93.74
2002-06-14,91.00
2002-06-13,90.40
2002-06-12,91.41
2002-06-11,91.60
2002-06-10,93.72
2002-06-07,93.65
2002-06-06,92.66
2002-06-05,94.15
2002-06-04,93.62
2002-06-03,94.47
2002-05-31,97.00
2002-05-30,96.95
2002-05-29,96.79
2002-05-28,97.46
2002-05-24,97.95
2002-05-23,98.95
2002-05-22,97.35
2002-05-21,97.51
2002-05-20,98.71
2002-05-17,100.00
2002-05-16,99.42
2002-05-15,99.81
2002-05-14,100.60
2002-05-13,98.03
2002-05-10,96.60
2002-05-09,97.60
2002-05-08,99.05
2002-05-07,96.39
2002-05-06,96.60
2002-05-03,98.20
2002-05-02,98.85
2002-05-01,99.20
2002-04-30,98.59
2002-04-29,97.25
2002-04-26,97.10
2002-04-25,99.00
2002-04-24,98.40
2002-04-23,99.50
2002-04-22,99.46
2002-04-19,100.73
2002-04-18,100.30
2002-04-17,100.77
2002-04-16,100.97
2002-04-15,99.32
2002-04-12,99.65
2002-04-11,98.29
2002-04-10,99.95
2002-04-09,98.20
2002-04-08,98.60
2002-04-05,97.11
2002-04-04,97.44
2002-04-03,97.15
2002-04-02,98.05
2002-04-01,99.22
2002-03-28,98.80
2002-03-27,98.65
2002-03-26,98.04
2002-03-25,96.55
2002-03-22,98.47
2002-03-21,98.94
2002-03-20,98.00
2002-03-19,99.44
2002-03-18,99.44
2002-03-15,98.62
2002-03-14,97.85
2002-03-13,97.66
2002-03-12,98.25
2002-03-11,98.50
2002-03-08,98.69
2002-03-07,97.95
2002-03-06,98.33
2002-03-05,96.90
2002-03-04,97.05
2002-03-01,94.92
2002-02-28,92.55
2002-02-27,93.60
2002-02-26,92.75
2002-02-25,92.39
2002-02-22,91.10
2002-02-21,90.01
2002-02-20,91.70
2002-02-19,90.11
2002-02-15,91.79
2002-02-14,92.55
2002-02-13,92.89
2002-02-12,91.71
2002-02-11,92.30
2002-02-08,91.39
2002-02-07,88.76
2002-02-06,89.75
2002-02-05,90.31
2002-02-04,90.54
2002-02-01,92.30
2002-01-31,92.75
2002-01-30,92.65
2002-01-29,91.55
2002-01-28,93.24
2002-01-25,92.90
2002-01-24,92.75
2002-01-23,91.84
2002-01-22,90.65
2002-01-18,91.10
2002-01-17,92.00
2002-01-16,90.50
2002-01-15,92.69
2002-01-14,91.85
2002-01-11,93.05
2002-01-10,94.35
2002-01-09,93.80
2002-01-08,94.10
2002-01-07,94.15
2002-01-04,94.72
2002-01-03,93.99
2002-01-02,92.80
2001-12-31,92.80
2001-12-28,93.80
2001-12-27,93.60
2001-12-26,93.01
2001-12-24,92.45
2001-12-21,91.60
2001-12-20,91.21
2001-12-19,92.21
2001-12-18,92.29
2001-12-17,91.40
2001-12-14,90.70
2001-12-13,89.35
2001-12-12,90.90
2001-12-11,91.25
2001-12-10,91.10
2001-12-07,92.50
2001-12-06,93.02
2001-12-05,92.30
2001-12-04,90.10
2001-12-03,88.07
2001-11-30,88.60
2001-11-29,90.10
2001-11-28,87.93
2001-11-27,89.74
2001-11-26,89.73
2001-11-23,88.89
2001-11-21,87.80
2001-11-20,88.01
2001-11-19,89.00
2001-11-16,87.64
2001-11-15,87.80
2001-11-14,88.42
2001-11-13,88.11
2001-11-12,86.55
2001-11-09,86.06
2001-11-08,86.38
2001-11-07,86.75
2001-11-06,86.74
2001-11-05,85.40
2001-11-02,84.40
2001-11-01,84.15
2001-10-31,82.65
2001-10-30,82.05
2001-10-29,83.25
2001-10-26,85.45
2001-10-25,85.01
2001-10-24,83.34
2001-10-23,83.25
2001-10-22,83.75
2001-10-19,82.15
2001-10-18,81.65
2001-10-17,81.40
2001-10-16,84.40
2001-10-15,83.25
2001-10-12,83.59
2001-10-11,84.20
2001-10-10,82.25
2001-10-09,80.30
2001-10-08,80.35
2001-10-05,80.75
2001-10-04,81.30
2001-10-03,80.95
2001-10-02,79.01
2001-10-01,78.15
2001-09-28,79.15
2001-09-27,77.65
2001-09-26,76.23
2001-09-25,76.82
2001-09-24,76.54
2001-09-21,74.45
2001-09-20,75.19
2001-09-19,78.15
2001-09-18,80.25
2001-09-17,81.48
2001-09-10,86.00
2001-09-07,86.16
2001-09-06,87.48
2001-09-05,89.40
2001-09-04,89.90
2001-08-31,90.61
2001-08-30,90.00
2001-08-29,91.25
2001-08-28,91.25
2001-08-27,92.20
2001-08-24,92.70
2001-08-23,91.55
2001-08-22,91.66
2001-08-21,90.10
2001-08-20,91.65
2001-08-17,90.76
2001-08-16,92.50
2001-08-15,92.11
2001-08-14,92.50
2001-08-13,92.15
2001-08-10,91.60
2001-08-09,91.19
2001-08-08,91.00
2001-08-07,92.65
2001-08-06,92.66
2001-08-03,94.10
2001-08-02,94.25
2001-08-01,94.50
2001-07-31,93.49
2001-07-30,93.70
2001-07-27,93.60
2001-07-26,92.85
2001-07-25,91.70
2001-07-24,91.10
2001-07-23,92.55
2001-07-20,93.45
2001-07-19,93.35
2001-07-18,92.50
2001-07-17,93.10
2001-07-16,92.01
2001-07-13,93.44
2001-07-12,92.91
2001-07-11,91.20
2001-07-10,91.06
2001-07-09,92.10
2001-07-06,92.05
2001-07-05,93.60
2001-07-03,94.85
2001-07-02,94.95
2001-06-29,95.25
2001-06-28,93.80
2001-06-27,92.95
2001-06-26,92.67
2001-06-25,92.35
2001-06-22,92.70
2001-06-21,94.14
2001-06-20,93.91
2001-06-19,92.55
2001-06-18,93.00
2001-06-15,93.50
2001-06-14,93.25
2001-06-13,95.61
2001-06-12,96.21
2001-06-11,96.49
2001-06-08,97.60
2001-06-07,98.75
2001-06-06,97.90
2001-06-05,99.25
2001-06-04,97.40
2001-06-01,96.80
2001-05-31,95.55
2001-05-30,94.75
2001-05-29,96.74
2001-05-25,97.90
2001-05-24,98.35
2001-05-23,97.95
2001-05-22,100.21
2001-05-21,100.30
2001-05-18,97.75
2001-05-17,97.90
2001-05-16,96.49
2001-05-15,94.18
2001-05-14,93.18
2001-05-11,93.50
2001-05-10,93.55
2001-05-09,93.64
2001-05-08,94.18
2001-05-07,94.15
2001-05-04,94.95
2001-05-03,92.73
2001-05-02,94.22
2001-05-01,94.59
2001-04-30,93.30
2001-04-27,93.10
2001-04-26,91.80
2001-04-25,90.63
2001-04-24,88.80
2001-04-23,89.18
2001-04-20,90.30
2001-04-19,91.30
2001-04-18,90.57
2001-04-17,87.12
2001-04-16,85.41
2001-04-12,87.25
2001-04-11,85.70
2001-04-10,85.40
2001-04-09,83.34
2001-04-06,82.00
2001-04-05,83.31
2001-04-04,79.53
2001-04-03,79.80
2001-04-02,82.25
2001-03-30,84.40
2001-03-29,83.90
2001-03-28,83.90
2001-03-27,85.77
2001-03-26,85.00
2001-03-23,83.95
2001-03-22,81.75
2001-03-21,82.60
2001-03-20,84.26
2001-03-19,86.65
2001-03-16,84.15
2001-03-15,86.64
2001-03-14,86.98
2001-03-13,88.67
2001-03-12,87.54
2001-03-09,91.28
2001-03-08,92.92
2001-03-07,93.80
2001-03-06,93.20
2001-03-05,91.85
2001-03-02,91.85
2001-03-01,91.10
2001-02-28,90.75
2001-02-27,92.15
2001-02-26,94.05
2001-02-23,91.65
2001-02-22,91.55
2001-02-21,92.35
2001-02-20,93.60
2001-02-16,95.20
2001-02-15,96.99
2001-02-14,96.05
2001-02-13,95.75
2001-02-12,96.30
2001-02-09,95.29
2001-02-08,95.70
2001-02-07,96.00
2001-02-06,96.45
2001-02-05,95.48
2001-02-02,94.90
2001-02-01,96.40
2001-01-31,96.75
2001-01-30,97.15
2001-01-29,97.20
2001-01-26,95.11
2001-01-25,94.94
2001-01-24,95.50
2001-01-23,95.44
2001-01-22,93.23
2001-01-19,92.50
2001-01-18,93.25
2001-01-17,93.44
2001-01-16,93.00
2001-01-12,93.19
2001-01-11,92.69
2001-01-10,92.02
2001-01-09,89.34
2001-01-08,89.75
2001-01-05,89.81
2001-01-04,92.34
2001-01-03,94.36
2001-01-02,90.75
2000-12-29,94.38
2000-12-28,96.44
2000-12-27,94.88
2000-12-26,93.19
2000-12-22,92.34
2000-12-21,88.81
2000-12-20,88.19
2000-12-19,91.00
2000-12-18,92.38
2000-12-15,90.75
2000-12-14,92.00
2000-12-13,93.56
2000-12-12,95.38
2000-12-11,98.12
2000-12-08,95.38
2000-12-07,92.69
2000-12-06,92.56
2000-12-05,92.88
2000-12-04,89.94
2000-12-01,90.19
2000-11-30,88.19
2000-11-29,89.62
2000-11-28,90.31
2000-11-27,92.62
2000-11-24,92.31
2000-11-22,89.56
2000-11-21,90.62
2000-11-20,90.38
2000-11-17,93.00
2000-11-16,92.44
2000-11-15,94.38
2000-11-14,92.56
2000-11-13,90.31
2000-11-10,91.88
2000-11-09,94.38
2000-11-08,95.28
2000-11-07,96.94
2000-11-06,97.22
2000-11-03,96.75
2000-11-02,97.25
2000-11-01,95.69
2000-10-31,95.00
2000-10-30,93.19
2000-10-27,92.94
2000-10-26,92.00
2000-10-25,90.72
2000-10-24,93.19
2000-10-23,94.88
2000-10-20,94.72
2000-10-19,93.50
2000-10-18,90.31
2000-10-17,90.50
2000-10-16,92.31
2000-10-13,92.00
2000-10-12,89.06
2000-10-11,91.09
2000-10-10,92.00
2000-10-09,94.25
2000-10-06,94.00
2000-10-05,96.06
2000-10-04,96.06
2000-10-03,95.69
2000-10-02,97.75
2000-09-29,98.25
2000-09-28,99.62
2000-09-27,97.12
2000-09-26,96.59
2000-09-25,97.25
2000-09-22,97.12
2000-09-21,96.12
2000-09-20,97.59
2000-09-19,97.56
2000-09-18,96.25
2000-09-15,98.94
2000-09-14,100.28
2000-09-13,99.38
2000-09-12,99.75
2000-09-11,100.44
2000-09-08,99.88
2000-09-07,101.06
2000-09-06,99.38
2000-09-05,99.50
2000-09-01,100.75
2000-08-31,99.75
2000-08-30,98.50
2000-08-29,98.44
2000-08-28,98.00
2000-08-25,98.12
2000-08-24,97.62
2000-08-23,96.50
2000-08-22,96.19
2000-08-21,96.16
2000-08-18,96.25
2000-08-17,96.23
2000-08-16,95.17
2000-08-15,94.69
2000-08-14,95.38
2000-08-11,94.31
2000-08-10,92.50
2000-08-09,93.03
2000-08-08,93.88
2000-08-07,94.25
2000-08-04,92.72
2000-08-03,92.00
2000-08-02,91.06
2000-08-01,90.16
2000-07-31,90.00
2000-07-28,88.72
2000-07-27,89.69
2000-07-26,91.16
2000-07-25,91.72
2000-07-24,91.50
2000-07-21,92.12
2000-07-20,94.12
2000-07-19,92.81
2000-07-18,93.56
2000-07-17,95.28
2000-07-14,95.19
2000-07-13,94.50
2000-07-12,94.50
2000-07-11,93.12
2000-07-10,92.34
2000-07-07,91.28
2000-07-06,89.88
2000-07-05,89.00
2000-07-03,90.16
2000-06-30,88.75
2000-06-29,90.06
2000-06-28,90.12
2000-06-27,88.81
2000-06-26,90.19
2000-06-23,89.44
2000-06-22,90.00
2000-06-21,92.34
2000-06-20,92.81
2000-06-19,92.25
2000-06-16,91.00
2000-06-15,91.22
2000-06-14,89.75
2000-06-13,90.02
2000-06-12,89.75
2000-06-09,91.25
2000-06-08,90.38
2000-06-07,91.34
2000-06-06,90.56
2000-06-05,91.25
2000-06-02,92.50
2000-06-01,90.25
2000-05-31,87.69
2000-05-30,87.06
2000-05-26,84.38
2000-05-25,84.25
2000-05-24,85.00
2000-05-23,83.62
2000-05-22,84.94
2000-05-19,86.00
2000-05-18,88.94
2000-05-17,89.28
2000-05-16,89.91
2000-05-15,88.62
2000-05-12,87.56
2000-05-11,87.50
2000-05-10,85.38
2000-05-09,87.62
2000-05-08,88.31
2000-05-05,89.44
2000-05-04,88.06
2000-05-03,85.66
2000-05-02,86.91
2000-05-01,89.62
2000-04-28,88.38
2000-04-27,87.25
2000-04-26,86.12
2000-04-25,87.16
2000-04-24,83.31
2000-04-20,84.81
2000-04-19,84.62
2000-04-18,85.12
2000-04-17,82.00
2000-04-14,79.00
2000-04-13,84.75
2000-04-12,85.50
2000-04-11,87.09
2000-04-10,86.88
2000-04-07,90.00
2000-04-06,89.22
2000-04-05,87.34
2000-04-04,87.44
2000-04-03,87.88
2000-03-31,91.25
2000-03-30,88.12
2000-03-29,88.25
2000-03-28,89.50
2000-03-27,91.47
2000-03-24,91.81
2000-03-23,91.25
2000-03-22,90.69
2000-03-21,88.50
2000-03-20,87.12
2000-03-17,90.00
2000-03-16,89.16
2000-03-15,84.12
2000-03-14,84.19
2000-03-13,86.25
2000-03-10,89.38
2000-03-09,89.00
2000-03-08,87.25
2000-03-07,87.38
2000-03-06,88.47
2000-03-03,88.09
2000-03-02,85.69
2000-03-01,86.31
2000-02-29,85.50
2000-02-28,82.56
2000-02-25,82.00
2000-02-24,83.00
2000-02-23,82.06
2000-02-22,80.38
2000-02-18,80.44
2000-02-17,83.00
2000-02-16,81.78
2000-02-15,81.88
2000-02-14,81.75
2000-02-11,81.56
2000-02-10,82.62
2000-02-09,81.50
2000-02-08,83.00
2000-02-07,82.19
2000-02-04,81.47
2000-02-03,82.19
2000-02-02,81.00
2000-02-01,80.12
2000-01-31,79.31
2000-01-28,78.69
2000-01-27,81.30
2000-01-26,80.88
2000-01-25,81.06
2000-01-24,81.00
2000-01-21,83.00
2000-01-20,83.00
2000-01-19,83.00
2000-01-18,82.59
2000-01-14,82.56
2000-01-13,81.31
2000-01-12,79.38
2000-01-11,80.16
2000-01-10,82.62
2000-01-07,81.00
2000-01-06,77.44
2000-01-05,78.12
2000-01-04,77.38
2000-01-03,80.09
1999-12-31,81.12
1999-12-30,81.00
1999-12-29,81.09
1999-12-28,80.12
1999-12-27,79.78
1999-12-23,80.44
1999-12-22,79.34
1999-12-21,78.28
1999-12-20,76.78
1999-12-17,78.80
1999-12-16,79.06
1999-12-15,78.19
1999-12-14,77.69
1999-12-13,79.25
1999-12-10,79.31
1999-12-09,78.97
1999-12-08,79.41
1999-12-07,80.62
1999-12-06,81.06
1999-12-03,81.69
1999-12-02,80.81
1999-12-01,79.75
1999-11-30,79.30
1999-11-29,78.97
1999-11-26,80.02
1999-11-24,79.97
1999-11-23,79.14
1999-11-22,80.91
1999-11-19,81.44
1999-11-18,81.58
1999-11-17,81.00
1999-11-16,81.17
1999-11-15,79.75
1999-11-12,79.28
1999-11-11,78.41
1999-11-10,78.41
1999-11-09,78.06
1999-11-08,78.36
1999-11-05,78.28
1999-11-04,77.25
1999-11-03,76.67
1999-11-02,75.73
1999-11-01,75.41
1999-10-29,75.31
1999-10-28,73.81
1999-10-27,71.75
1999-10-26,71.28
1999-10-25,72.12
1999-10-22,72.25
1999-10-21,71.25
1999-10-20,71.05
1999-10-19,70.38
1999-10-18,69.84
1999-10-15,70.50
1999-10-14,71.75
1999-10-13,71.36
1999-10-12,72.56
1999-10-11,73.80
1999-10-08,72.41
1999-10-07,72.92
1999-10-06,73.41
1999-10-05,72.69
1999-10-04,72.97
1999-10-01,71.33
1999-09-30,71.81
1999-09-29,71.81
1999-09-28,71.88
1999-09-27,72.19
1999-09-24,72.12
1999-09-23,72.38
1999-09-22,74.12
1999-09-21,73.98
1999-09-20,75.41
1999-09-17,75.88
1999-09-16,75.12
1999-09-15,75.52
1999-09-14,76.59
1999-09-13,76.47
1999-09-10,76.94
1999-09-09,76.75
1999-09-08,75.95
1999-09-07,76.56
1999-09-03,76.28
1999-09-02,74.50
1999-09-01,75.09
1999-08-31,74.00
1999-08-30,74.00
1999-08-27,74.88
1999-08-26,75.94
1999-08-25,76.34
1999-08-24,76.25
1999-08-23,76.78
1999-08-20,75.83
1999-08-19,74.94
1999-08-18,75.38
1999-08-17,75.94
1999-08-16,75.44
1999-08-13,75.56
1999-08-12,74.56
1999-08-11,74.62
1999-08-10,73.44
1999-08-09,74.30
1999-08-06,74.50
1999-08-05,75.22
1999-08-04,75.00
1999-08-03,75.72
1999-08-02,76.22
1999-07-30,76.62
1999-07-29,76.22
1999-07-28,77.69
1999-07-27,77.75
1999-07-26,76.88
1999-07-23,78.06
1999-07-22,78.62
1999-07-21,79.09
1999-07-20,78.31
1999-07-19,79.97
1999-07-16,80.62
1999-07-15,80.69
1999-07-14,79.86
1999-07-13,79.00
1999-07-12,79.25
1999-07-09,79.31
1999-07-08,79.06
1999-07-07,78.66
1999-07-06,79.31
1999-07-02,79.03
1999-07-01,78.91
1999-06-30,78.44
1999-06-29,78.06
1999-06-28,76.88
1999-06-25,76.34
1999-06-24,76.31
1999-06-23,77.72
1999-06-22,77.12
1999-06-21,77.41
1999-06-18,77.00
1999-06-17,77.19
1999-06-16,76.62
1999-06-15,75.62
1999-06-14,74.88
1999-06-11,75.44
1999-06-10,75.75
1999-06-09,76.06
1999-06-08,75.88
1999-06-07,77.00
1999-06-04,76.16
1999-06-03,75.25
1999-06-02,74.91
1999-06-01,74.16
1999-05-28,74.75
1999-05-27,74.44
1999-05-26,74.19
1999-05-25,73.75
1999-05-24,75.06
1999-05-21,76.12
1999-05-20,76.19
1999-05-19,76.28
1999-05-18,75.36
1999-05-17,75.34
1999-05-14,75.50
1999-05-13,77.62
1999-05-12,77.16
1999-05-11,75.50
1999-05-10,75.88
1999-05-07,75.25
1999-05-06,74.53
1999-05-05,75.12
1999-05-04,75.28
1999-05-03,75.62
1999-04-30,74.41
1999-04-29,74.94
1999-04-28,74.88
1999-04-27,74.44
1999-04-26,73.78
1999-04-23,73.62
1999-04-22,73.38
1999-04-21,73.00
1999-04-20,71.69
1999-04-19,71.39
1999-04-16,71.84
1999-04-15,71.61
1999-04-14,70.86
1999-04-13,70.25
1999-04-12,70.12
1999-04-09,69.38
1999-04-08,69.44
1999-04-07,68.16
1999-04-06,68.88
1999-04-05,69.56
1999-04-01,69.19
1999-03-31,68.94
1999-03-30,68.62
1999-03-29,69.91
1999-03-26,68.31
1999-03-25,68.75
1999-03-24,67.41
1999-03-23,66.12
1999-03-22,67.64
1999-03-19,67.88
1999-03-18,69.56
1999-03-17,69.39
1999-03-16,68.94
1999-03-15,69.00
1999-03-12,68.75
1999-03-11,69.19
1999-03-10,69.09
1999-03-09,68.38
1999-03-08,69.41
1999-03-05,68.72
1999-03-04,68.44
1999-03-03,67.38
1999-03-02,67.75
1999-03-01,67.53
1999-02-26,67.44
1999-02-25,67.75
1999-02-24,67.69
1999-02-23,68.88
1999-02-22,68.75
1999-02-19,67.81
1999-02-18,67.44
1999-02-17,66.91
1999-02-16,67.84
1999-02-12,68.00
1999-02-11,69.09
1999-02-10,67.28
1999-02-09,68.00
1999-02-08,69.66
1999-02-05,69.12
1999-02-04,70.25
1999-02-03,71.38
1999-02-02,70.34
1999-02-01,70.84
1999-01-29,70.94
1999-01-28,70.97
1999-01-27,70.50
1999-01-26,71.12
1999-01-25,71.11
1999-01-22,71.12
1999-01-21,70.69
1999-01-20,72.06
1999-01-19,72.50
1999-01-15,72.44
1999-01-14,71.25
1999-01-13,72.19
1999-01-12,72.66
1999-01-11,73.00
1999-01-08,73.52
1999-01-07,73.69
1999-01-06,74.62
1999-01-05,73.50
1999-01-04,73.31
1998-12-31,72.75
1998-12-30,71.11
1998-12-29,70.50
1998-12-28,70.12
1998-12-24,69.22
1998-12-23,69.00
1998-12-22,67.56
1998-12-21,68.12
1998-12-18,68.00
1998-12-17,67.78
1998-12-16,67.00
1998-12-15,66.88
1998-12-14,66.17
1998-12-11,67.66
1998-12-10,68.00
1998-12-09,69.28
1998-12-08,69.44
1998-12-07,69.67
1998-12-04,68.92
1998-12-03,67.56
1998-12-02,68.00
1998-12-01,67.83
1998-11-30,66.88
1998-11-27,69.31
1998-11-25,69.03
1998-11-24,68.64
1998-11-23,69.16
1998-11-20,67.88
1998-11-19,68.41
1998-11-18,68.16
1998-11-17,67.05
1998-11-16,66.88
1998-11-13,66.81
1998-11-12,66.78
1998-11-11,66.59
1998-11-10,66.70
1998-11-09,67.25
1998-11-06,68.33
1998-11-05,67.66
1998-11-04,67.06
1998-11-03,65.50
1998-11-02,66.00
1998-10-30,64.56
1998-10-29,63.59
1998-10-28,62.69
1998-10-27,62.25
1998-10-26,61.69
1998-10-23,61.47
1998-10-22,61.75
1998-10-21,61.00
1998-10-20,61.31
1998-10-19,61.02
1998-10-16,59.88
1998-10-15,59.81
1998-10-14,56.66
1998-10-13,54.84
1998-10-12,55.80
1998-10-09,54.81
1998-10-08,52.88
1998-10-07,55.00
1998-10-06,55.70
1998-10-05,55.53
1998-10-02,57.88
1998-10-01,57.31
1998-09-30,59.81
1998-09-29,60.16
1998-09-28,60.62
1998-09-25,59.97
1998-09-24,60.12
1998-09-23,62.00
1998-09-22,59.91
1998-09-21,59.06
1998-09-18,59.50
1998-09-17,59.00
1998-09-16,60.38
1998-09-15,59.39
1998-09-14,59.22
1998-09-11,58.50
1998-09-10,56.41
1998-09-09,57.53
1998-09-08,59.61
1998-09-04,56.00
1998-09-03,56.41
1998-09-02,56.75
1998-09-01,56.08
1998-08-31,53.28
1998-08-28,58.22
1998-08-27,58.31
1998-08-26,61.38
1998-08-25,62.89
1998-08-24,62.81
1998-08-21,63.16
1998-08-20,63.73
1998-08-19,64.67
1998-08-18,65.45
1998-08-17,64.27
1998-08-14,63.86
1998-08-13,63.78
1998-08-12,65.03
1998-08-11,63.00
1998-08-10,64.72
1998-08-07,65.78
1998-08-06,64.72
1998-08-05,63.77
1998-08-04,63.59
1998-08-03,65.78
1998-07-31,66.64
1998-07-30,67.98
1998-07-29,66.59
1998-07-28,67.05
1998-07-27,68.30
1998-07-24,68.30
1998-07-23,68.80
1998-07-22,70.16
1998-07-21,70.86
1998-07-20,72.22
1998-07-17,72.11
1998-07-16,72.30
1998-07-15,71.62
1998-07-14,71.39
1998-07-13,71.03
1998-07-10,70.86
1998-07-09,71.23
1998-07-08,71.31
1998-07-07,70.62
1998-07-06,70.94
1998-07-02,70.62
1998-07-01,70.95
1998-06-30,69.62
1998-06-29,69.88
1998-06-26,69.12
1998-06-25,68.78
1998-06-24,68.94
1998-06-23,68.75
1998-06-22,67.98
1998-06-19,67.14
1998-06-18,67.59
1998-06-17,68.39
1998-06-16,67.50
1998-06-15,66.06
1998-06-12,68.03
1998-06-11,68.12
1998-06-10,69.02
1998-06-09,70.08
1998-06-08,69.81
1998-06-05,69.38
1998-06-04,68.67
1998-06-03,67.72
1998-06-02,68.61
1998-06-01,68.14
1998-05-29,68.75
1998-05-28,68.94
1998-05-27,68.80
1998-05-26,68.58
1998-05-22,69.84
1998-05-21,70.72
1998-05-20,70.86
1998-05-19,71.00
1998-05-18,70.67
1998-05-15,70.97
1998-05-14,71.53
1998-05-13,71.80
1998-05-12,72.00
1998-05-11,71.81
1998-05-08,72.50
1998-05-07,71.28
1998-05-06,71.81
1998-05-05,72.38
1998-05-04,72.62
1998-05-01,73.19
1998-04-30,72.34
1998-04-29,71.28
1998-04-28,70.52
1998-04-27,69.67
1998-04-24,71.44
1998-04-23,72.20
1998-04-22,73.50
1998-04-21,73.31
1998-04-20,72.72
1998-04-17,72.75
1998-04-16,72.03
1998-04-15,72.83
1998-04-14,72.22
1998-04-13,71.47
1998-04-09,70.89
1998-04-08,70.83
1998-04-07,70.92
1998-04-06,71.83
1998-04-03,72.30
1998-04-02,72.45
1998-04-01,71.81
1998-03-31,71.30
1998-03-30,70.53
1998-03-27,70.64
1998-03-26,71.00
1998-03-25,70.80
1998-03-24,71.12
1998-03-23,70.69
1998-03-20,70.89
1998-03-19,70.91
1998-03-18,70.98
1998-03-17,70.36
1998-03-16,70.47
1998-03-13,70.00
1998-03-12,70.05
1998-03-11,69.62
1998-03-10,69.11
1998-03-09,68.44
1998-03-06,68.78
1998-03-05,67.81
1998-03-04,67.97
1998-03-03,68.50
1998-03-02,68.00
1998-02-27,68.09
1998-02-26,68.09
1998-02-25,67.88
1998-02-24,66.53
1998-02-23,67.44
1998-02-20,67.25
1998-02-19,66.88
1998-02-18,67.06
1998-02-17,66.34
1998-02-13,66.28
1998-02-12,66.44
1998-02-11,66.41
1998-02-10,66.05
1998-02-09,65.36
1998-02-06,65.75
1998-02-05,64.95
1998-02-04,65.14
1998-02-03,64.81
1998-02-02,64.23
1998-01-30,63.16
1998-01-29,62.84
1998-01-28,62.89
1998-01-27,61.77
1998-01-26,61.27
1998-01-23,61.56
1998-01-22,62.06
1998-01-21,62.47
1998-01-20,63.20
1998-01-16,62.03
1998-01-15,61.27
1998-01-14,61.89
1998-01-13,61.27
1998-01-12,60.23
1998-01-09,59.94
1998-01-08,61.81
1998-01-07,62.80
1998-01-06,62.81
1998-01-05,63.78
1998-01-02,64.06
1997-12-31,64.08
1997-12-30,63.62
1997-12-29,63.02
1997-12-26,61.78
1997-12-24,61.70
1997-12-23,62.38
1997-12-22,62.94
1997-12-19,62.25
1997-12-18,62.95
1997-12-17,63.34
1997-12-16,63.38
1997-12-15,62.89
1997-12-12,62.52
1997-12-11,63.31
1997-12-10,63.92
1997-12-09,64.48
1997-12-08,65.36
1997-12-05,65.16
1997-12-04,64.27
1997-12-03,64.19
1997-12-02,63.67
1997-12-01,63.69
1997-11-28,63.08
1997-11-26,62.94
1997-11-25,62.25
1997-11-24,61.73
1997-11-21,63.17
1997-11-20,63.27
1997-11-19,62.41
1997-11-18,62.34
1997-11-17,62.97
1997-11-14,61.84
1997-11-13,61.12
1997-11-12,60.50
1997-11-11,62.12
1997-11-10,62.00
1997-11-07,62.58
1997-11-06,63.30
1997-11-05,63.70
1997-11-04,63.38
1997-11-03,63.30
1997-10-31,62.06
1997-10-30,60.50
1997-10-29,62.09
1997-10-28,61.47
1997-10-27,60.06
1997-10-24,64.12
1997-10-23,64.88
1997-10-22,66.00
1997-10-21,66.53
1997-10-20,65.28
1997-10-17,64.25
1997-10-16,65.45
1997-10-15,66.12
1997-10-14,66.12
1997-10-13,66.00
1997-10-10,66.00
1997-10-09,66.25
1997-10-08,66.11
1997-10-07,66.20
1997-10-06,66.12
1997-10-03,65.50
1997-10-02,65.19
1997-10-01,64.81
1997-09-30,64.50
1997-09-29,64.69
1997-09-26,64.41
1997-09-25,64.09
1997-09-24,64.34
1997-09-23,64.45
1997-09-22,64.81
1997-09-19,64.91
1997-09-18,64.83
1997-09-17,64.56
1997-09-16,64.38
1997-09-15,63.84
1997-09-12,64.03
1997-09-11,62.91
1997-09-10,62.89
1997-09-09,63.62
1997-09-08,63.55
1997-09-05,63.00
1997-09-04,62.84
1997-09-03,62.64
1997-09-02,62.19
1997-08-29,61.36
1997-08-28,61.16
1997-08-27,61.41
1997-08-26,60.50
1997-08-25,61.06
1997-08-22,60.92
1997-08-21,60.62
1997-08-20,61.62
1997-08-19,61.12
1997-08-18,60.03
1997-08-15,60.09
1997-08-14,60.59
1997-08-13,60.67
1997-08-12,60.53
1997-08-11,60.84
1997-08-08,60.70
1997-08-07,61.80
1997-08-06,62.28
1997-08-05,61.88
1997-08-04,61.50
1997-08-01,61.12
1997-07-31,61.27
1997-07-30,61.09
1997-07-29,60.22
1997-07-28,59.91
1997-07-25,59.86
1997-07-24,59.84
1997-07-23,59.75
1997-07-22,59.73
1997-07-21,58.62
1997-07-18,58.88
1997-07-17,59.50
1997-07-16,60.00
1997-07-15,59.25
1997-07-14,58.66
1997-07-11,58.38
1997-07-10,57.81
1997-07-09,57.28
1997-07-08,57.62
1997-07-07,57.25
1997-07-03,57.25
1997-07-02,56.73
1997-07-01,56.31
1997-06-30,55.92
1997-06-27,56.19
1997-06-26,55.81
1997-06-25,55.81
1997-06-24,56.39
1997-06-23,55.59
1997-06-20,56.53
1997-06-19,57.05
1997-06-18,56.59
1997-06-17,56.61
1997-06-16,56.22
1997-06-13,56.55
1997-06-12,56.00
1997-06-11,55.50
1997-06-10,55.48
1997-06-09,55.14
1997-06-06,55.30
1997-06-05,54.75
1997-06-04,54.66
1997-06-03,54.52
1997-06-02,54.92
1997-05-30,54.34
1997-05-29,54.03
1997-05-28,54.00
1997-05-27,54.09
1997-05-23,53.95
1997-05-22,53.09
1997-05-21,53.00
1997-05-20,53.12
1997-05-19,52.48
1997-05-16,52.50
1997-05-15,52.84
1997-05-14,52.67
1997-05-13,52.64
1997-05-12,52.88
1997-05-09,51.89
1997-05-08,52.27
1997-05-07,51.52
1997-05-06,52.33
1997-05-05,53.00
1997-05-02,51.80
1997-05-01,50.22
1997-04-30,50.12
1997-04-29,50.00
1997-04-28,48.70
1997-04-25,48.48
1997-04-24,49.16
1997-04-23,49.06
1997-04-22,48.83
1997-04-21,48.25
1997-04-18,49.22
1997-04-17,49.16
1997-04-16,48.98
1997-04-15,49.05
1997-04-14,48.69
1997-04-11,48.12
1997-04-10,49.38
1997-04-09,49.89
1997-04-08,49.91
1997-04-07,49.66
1997-04-04,49.25
1997-04-03,48.70
1997-04-02,48.19
1997-04-01,48.75
1997-03-31,48.94
1997-03-27,50.00
1997-03-26,50.98
1997-03-25,50.81
1997-03-24,50.56
1997-03-21,50.59
1997-03-20,50.61
1997-03-19,50.45
1997-03-18,50.83
1997-03-17,51.39
1997-03-14,51.84
1997-03-13,51.31
1997-03-12,51.66
1997-03-11,52.25
1997-03-10,52.27
1997-03-07,52.27
1997-03-06,51.94
1997-03-05,51.97
1997-03-04,51.69
1997-03-03,51.38
1997-02-28,51.19
1997-02-27,51.25
1997-02-26,51.83
1997-02-25,52.25
1997-02-24,51.97
1997-02-21,51.73
1997-02-20,51.62
1997-02-19,52.41
1997-02-18,52.72
1997-02-14,52.48
1997-02-13,52.31
1997-02-12,52.06
1997-02-11,51.33
1997-02-10,51.22
1997-02-07,51.75
1997-02-06,51.05
1997-02-05,51.03
1997-02-04,51.56
1997-02-03,51.77
1997-01-31,51.75
1997-01-30,51.36
1997-01-29,51.09
1997-01-28,50.78
1997-01-27,50.75
1997-01-24,50.95
1997-01-23,51.16
1997-01-22,51.84
1997-01-21,51.69
1997-01-20,51.64
1997-01-17,51.84
1997-01-16,51.38
1997-01-15,51.31
1997-01-14,51.39
1997-01-13,50.84
1997-01-10,51.09
1997-01-09,50.58
1997-01-08,50.08
1997-01-07,50.44
1997-01-06,50.09
1997-01-03,49.70
1997-01-02,49.27
1996-12-31,49.50
1996-12-30,49.47
1996-12-27,49.80
1996-12-26,49.47
1996-12-24,49.31
1996-12-23,48.98
1996-12-20,49.28
1996-12-19,50.44
1996-12-18,49.62
1996-12-17,49.05
1996-12-16,49.08
1996-12-13,49.50
1996-12-12,49.81
1996-12-11,50.25
1996-12-10,50.94
1996-12-09,51.31
1996-12-06,50.42
1996-12-05,50.91
1996-12-04,50.88
1996-12-03,51.34
1996-12-02,51.33
1996-11-29,51.03
1996-11-27,51.05
1996-11-26,50.97
1996-11-25,51.17
1996-11-22,50.88
1996-11-21,50.45
1996-11-20,50.44
1996-11-19,50.16
1996-11-18,50.39
1996-11-15,50.25
1996-11-14,50.27
1996-11-13,49.78
1996-11-12,50.09
1996-11-11,49.64
1996-11-08,49.55
1996-11-07,49.50
1996-11-06,49.30
1996-11-05,48.58
1996-11-04,48.20
1996-11-01,48.19
1996-10-31,48.17
1996-10-30,47.83
1996-10-29,48.00
1996-10-28,47.81
1996-10-25,48.19
1996-10-24,48.38
1996-10-23,48.45
1996-10-22,48.19
1996-10-21,48.62
1996-10-18,48.78
1996-10-17,48.75
1996-10-16,48.55
1996-10-15,48.70
1996-10-14,48.69
1996-10-11,48.38
1996-10-10,48.27
1996-10-09,47.97
1996-10-08,48.25
1996-10-07,48.94
1996-10-04,48.95
1996-10-03,48.39
1996-10-02,48.12
1996-10-01,47.94
1996-09-30,47.95
1996-09-27,48.09
1996-09-26,48.25
1996-09-25,47.72
1996-09-24,47.61
1996-09-23,47.30
1996-09-20,47.47
1996-09-19,47.44
1996-09-18,47.09
1996-09-17,47.50
1996-09-16,47.78
1996-09-13,47.38
1996-09-12,47.00
1996-09-11,46.69
1996-09-10,46.27
1996-09-09,46.16
1996-09-06,46.06
1996-09-05,45.42
1996-09-04,46.03
1996-09-03,45.92
1996-08-30,46.05
1996-08-29,45.89
1996-08-28,46.70
1996-08-27,46.41
1996-08-26,45.95
1996-08-23,46.33
1996-08-22,46.44
1996-08-21,45.62
1996-08-20,46.02
1996-08-19,45.91
1996-08-16,46.17
1996-08-15,45.86
1996-08-14,45.66
1996-08-13,45.14
1996-08-12,45.59
1996-08-09,45.22
1996-08-08,45.55
1996-08-07,45.44
1996-08-06,45.16
1996-08-05,44.78
1996-08-02,45.36
1996-08-01,44.38
1996-07-31,43.69
1996-07-30,43.17
1996-07-29,43.03
1996-07-26,43.73
1996-07-25,43.06
1996-07-24,42.59
1996-07-23,42.30
1996-07-22,43.48
1996-07-19,44.27
1996-07-18,44.73
1996-07-17,43.86
1996-07-16,42.88
1996-07-15,43.02
1996-07-12,44.64
1996-07-11,44.52
1996-07-10,45.70
1996-07-09,45.83
1996-07-08,45.50
1996-07-05,45.62
1996-07-03,46.56
1996-07-02,47.00
1996-07-01,47.28
1996-06-28,46.53
1996-06-27,46.19
1996-06-26,45.73
1996-06-25,46.61
1996-06-24,46.98
1996-06-21,46.67
1996-06-20,46.64
1996-06-19,47.00
1996-06-18,47.00
1996-06-17,47.33
1996-06-14,47.50
1996-06-13,47.66
1996-06-12,47.98
1996-06-11,47.88
1996-06-10,47.75
1996-06-07,47.67
1996-06-06,47.75
1996-06-05,48.38
1996-06-04,48.12
1996-06-03,47.73
1996-05-31,47.64
1996-05-30,47.81
1996-05-29,47.31
1996-05-28,47.95
1996-05-24,48.34
1996-05-23,48.31
1996-05-22,48.38
1996-05-21,48.39
1996-05-20,48.44
1996-05-17,48.06
1996-05-16,47.98
1996-05-15,47.97
1996-05-14,47.97
1996-05-13,47.69
1996-05-10,47.23
1996-05-09,46.58
1996-05-08,46.55
1996-05-07,46.53
1996-05-06,46.72
1996-05-03,46.80
1996-05-02,46.69
1996-05-01,47.47
1996-04-30,47.28
1996-04-29,47.27
1996-04-26,47.38
1996-04-25,47.09
1996-04-24,46.95
1996-04-23,46.64
1996-04-22,46.30
1996-04-19,45.91
1996-04-18,45.66
1996-04-17,45.47
1996-04-16,45.83
1996-04-15,45.38
1996-04-12,45.09
1996-04-11,44.59
1996-04-10,44.83
1996-04-09,45.47
1996-04-08,45.30
1996-04-04,46.12
1996-04-03,46.23
1996-04-02,46.12
1996-04-01,46.20
1996-03-29,45.78
1996-03-28,45.50
1996-03-27,45.38
1996-03-26,45.55
1996-03-25,45.62
1996-03-22,45.88
1996-03-21,45.83
1996-03-20,45.80
1996-03-19,46.36
1996-03-18,46.28
1996-03-15,45.52
1996-03-14,45.67
1996-03-13,45.23
1996-03-12,44.55
1996-03-11,45.11
1996-03-08,44.48
1996-03-07,46.17
1996-03-06,46.20
1996-03-05,45.73
1996-03-04,46.12
1996-03-01,45.31
1996-02-29,45.58
1996-02-28,46.36
1996-02-27,46.08
1996-02-26,46.11
1996-02-23,46.25
1996-02-22,46.36
1996-02-21,45.47
1996-02-20,45.12
1996-02-16,45.41
1996-02-15,45.39
1996-02-14,45.12
1996-02-13,45.27
1996-02-12,45.44
1996-02-09,45.12
1996-02-08,45.23
1996-02-07,45.03
1996-02-06,45.00
1996-02-05,44.50
1996-02-02,44.38
1996-02-01,44.53
1996-01-31,44.19
1996-01-30,44.00
1996-01-29,43.50
1996-01-26,43.47
1996-01-25,43.08
1996-01-24,43.47
1996-01-23,42.72
1996-01-22,42.84
1996-01-19,42.50
1996-01-18,42.27
1996-01-17,42.09
1996-01-16,41.77
1996-01-15,41.41
1996-01-12,42.16
1996-01-11,42.23
1996-01-10,41.48
1996-01-09,42.20
1996-01-08,43.11
1996-01-05,42.94
1996-01-04,42.84
1996-01-03,43.64
1996-01-02,43.67
1995-12-29,43.45
1995-12-28,43.33
1995-12-27,43.39
1995-12-26,43.33
1995-12-22,43.09
1995-12-21,42.83
1995-12-20,42.53
1995-12-19,42.47
1995-12-18,41.62
1995-12-15,42.41
1995-12-14,43.00
1995-12-13,43.70
1995-12-12,43.70
1995-12-11,43.86
1995-12-08,43.81
1995-12-07,43.50
1995-12-06,43.94
1995-12-05,44.36
1995-12-04,44.42
1995-12-01,43.81
1995-11-30,43.80
1995-11-29,43.81
1995-11-28,43.38
1995-11-27,43.02
1995-11-24,42.89
1995-11-22,42.86
1995-11-21,42.70
1995-11-20,42.84
1995-11-17,43.28
1995-11-16,43.16
1995-11-15,42.95
1995-11-14,42.69
1995-11-13,43.14
1995-11-10,43.48
1995-11-09,43.44
1995-11-08,42.98
1995-11-07,42.70
1995-11-06,43.34
1995-11-03,43.39
1995-11-02,43.16
1995-11-01,42.27
1995-10-31,42.03
1995-10-30,42.25
1995-10-27,41.94
1995-10-26,41.36
1995-10-25,42.12
1995-10-24,42.70
1995-10-23,42.66
1995-10-20,42.69
1995-10-19,43.02
1995-10-18,43.08
1995-10-17,43.05
1995-10-16,42.53
1995-10-13,42.70
1995-10-12,42.50
1995-10-11,42.06
1995-10-10,40.94
1995-10-09,41.47
1995-10-06,42.45
1995-10-05,42.33
1995-10-04,42.06
1995-10-03,42.45
1995-10-02,43.00
1995-09-29,43.41
1995-09-28,43.44
1995-09-27,42.61
1995-09-26,43.08
1995-09-25,43.00
1995-09-22,43.47
1995-09-21,43.62
1995-09-20,43.97
1995-09-19,43.80
1995-09-18,43.16
1995-09-15,43.44
1995-09-14,43.73
1995-09-13,43.81
1995-09-12,43.83
1995-09-11,43.69
1995-09-08,43.64
1995-09-07,43.47
1995-09-06,43.50
1995-09-05,42.97
1995-09-01,42.48
1995-08-31,42.39
1995-08-30,42.12
1995-08-29,41.92
1995-08-28,42.16
1995-08-25,42.28
1995-08-24,42.22
1995-08-23,42.41
1995-08-22,42.17
1995-08-21,42.16
1995-08-18,42.50
